nohup: ignoring input
Fetching 9 files:   0%|          | 0/9 [00:00<?, ?it/s]Fetching 9 files: 100%|██████████| 9/9 [00:00<00:00, 55107.64it/s]
[init] Aeon Qwen2 config: AeonQwen2Config(vocab_size=151936, hidden_size=1536, intermediate_size=8960, num_hidden_layers=28, num_attention_heads=12, num_key_value_heads=2, head_dim=128, max_position_embeddings=131072, rms_norm_eps=1e-06, rope_theta=10000, tie_word_embeddings=False, attention_bias=True)
[init] R1 weights loaded: 339 tensors | missing=0 unexpected=0
[init] trainable params: 2.30M | device=cuda dtype=torch.bfloat16
[init] audit @ start: {'sigma_Wh': 0.6961040496826172, 'sigma_Wc': 0.7456092834472656, 'margin_h': 0.98, 'margin_c': 0.95, 'lambda': 0.5, 'holds': True, 'gamma': 0.0}
  [gamma.grad] step=1 val=-0.0026051090098917484 dtype=torch.float32
  [gamma.grad] step=2 val=-0.018041539937257767 dtype=torch.float32
  [gamma.grad] step=3 val=0.06485316157341003 dtype=torch.float32
  [gamma.grad] step=4 val=-0.059067320078611374 dtype=torch.float32
  [gamma.grad] step=5 val=0.02717255800962448 dtype=torch.float32
  [gamma.grad] step=6 val=0.0514022633433342 dtype=torch.float32
  [gamma.grad] step=7 val=0.00010653771460056305 dtype=torch.float32
  [gamma.grad] step=8 val=-0.04309969022870064 dtype=torch.float32
  [gamma.grad] step=9 val=0.1159251406788826 dtype=torch.float32
  [gamma.grad] step=10 val=-0.09301997721195221 dtype=torch.float32
[step 10] loss=4.9319 sigma_Wh=0.6960 sigma_Wc=0.7456 holds=True lambda=0.500 gamma=4.2544e-05 (8.1s)
  [gamma.grad] step=11 val=-0.05073282867670059 dtype=torch.float32
  [gamma.grad] step=12 val=-0.008167928084731102 dtype=torch.float32
  [gamma.grad] step=13 val=-0.00617996696382761 dtype=torch.float32
  [gamma.grad] step=14 val=0.028927240520715714 dtype=torch.float32
  [gamma.grad] step=15 val=0.004532219842076302 dtype=torch.float32
  [gamma.grad] step=16 val=-0.05015505105257034 dtype=torch.float32
  [gamma.grad] step=17 val=-0.1582256257534027 dtype=torch.float32
  [gamma.grad] step=18 val=-0.044508837163448334 dtype=torch.float32
  [gamma.grad] step=19 val=-0.17807412147521973 dtype=torch.float32
  [gamma.grad] step=20 val=-0.032205551862716675 dtype=torch.float32
[step 20] loss=2.3818 sigma_Wh=0.6960 sigma_Wc=0.7456 holds=True lambda=0.500 gamma=2.9279e-04 (16.3s)
  [gamma.grad] step=21 val=-0.040290310978889465 dtype=torch.float32
  [gamma.grad] step=22 val=-0.022772368043661118 dtype=torch.float32
  [gamma.grad] step=23 val=-0.00999072752892971 dtype=torch.float32
  [gamma.grad] step=24 val=-0.032708171755075455 dtype=torch.float32
  [gamma.grad] step=25 val=0.03435844928026199 dtype=torch.float32
  [gamma.grad] step=26 val=-0.010867246426641941 dtype=torch.float32
  [gamma.grad] step=27 val=-0.19528740644454956 dtype=torch.float32
  [gamma.grad] step=28 val=-0.026018738746643066 dtype=torch.float32
  [gamma.grad] step=29 val=-0.026717379689216614 dtype=torch.float32
  [gamma.grad] step=30 val=-0.08024156093597412 dtype=torch.float32
[step 30] loss=1.7926 sigma_Wh=0.6961 sigma_Wc=0.7457 holds=True lambda=0.500 gamma=8.5446e-04 (24.4s)
  [gamma.grad] step=31 val=-0.19101421535015106 dtype=torch.float32
  [gamma.grad] step=32 val=-0.14603962004184723 dtype=torch.float32
  [gamma.grad] step=33 val=-0.030137326568365097 dtype=torch.float32
  [gamma.grad] step=34 val=-0.08361811190843582 dtype=torch.float32
  [gamma.grad] step=35 val=-0.0749739333987236 dtype=torch.float32
  [gamma.grad] step=36 val=-0.01194925606250763 dtype=torch.float32
  [gamma.grad] step=37 val=-0.04269120842218399 dtype=torch.float32
  [gamma.grad] step=38 val=-0.02163653075695038 dtype=torch.float32
  [gamma.grad] step=39 val=-0.10555826127529144 dtype=torch.float32
  [gamma.grad] step=40 val=-0.20211628079414368 dtype=torch.float32
[step 40] loss=2.0402 sigma_Wh=0.6963 sigma_Wc=0.7458 holds=True lambda=0.500 gamma=1.6658e-03 (32.7s)
  [gamma.grad] step=41 val=-0.10709880292415619 dtype=torch.float32
  [gamma.grad] step=42 val=-0.177893728017807 dtype=torch.float32
  [gamma.grad] step=43 val=-0.06274629384279251 dtype=torch.float32
  [gamma.grad] step=44 val=-0.9998275637626648 dtype=torch.float32
  [gamma.grad] step=45 val=-0.07273654639720917 dtype=torch.float32
  [gamma.grad] step=46 val=-0.2618730068206787 dtype=torch.float32
  [gamma.grad] step=47 val=-0.08333885669708252 dtype=torch.float32
  [gamma.grad] step=48 val=0.014848664402961731 dtype=torch.float32
  [gamma.grad] step=49 val=-0.17255721986293793 dtype=torch.float32
  [gamma.grad] step=50 val=-0.08122716844081879 dtype=torch.float32
[step 50] loss=1.8875 sigma_Wh=0.6964 sigma_Wc=0.7458 holds=True lambda=0.500 gamma=2.6147e-03 (40.8s)
  [gamma.grad] step=51 val=-0.13126391172409058 dtype=torch.float32
  [gamma.grad] step=52 val=-0.04403964802622795 dtype=torch.float32
  [gamma.grad] step=53 val=-0.044411927461624146 dtype=torch.float32
  [gamma.grad] step=54 val=-0.27530115842819214 dtype=torch.float32
  [gamma.grad] step=55 val=-0.9513499140739441 dtype=torch.float32
  [gamma.grad] step=56 val=-0.006766948848962784 dtype=torch.float32
  [gamma.grad] step=57 val=-0.5777894258499146 dtype=torch.float32
  [gamma.grad] step=58 val=-0.12423965334892273 dtype=torch.float32
  [gamma.grad] step=59 val=-0.16147008538246155 dtype=torch.float32
  [gamma.grad] step=60 val=-0.14130379259586334 dtype=torch.float32
[step 60] loss=2.7448 sigma_Wh=0.6963 sigma_Wc=0.7459 holds=True lambda=0.500 gamma=3.5375e-03 (48.9s)
  [gamma.grad] step=61 val=-0.12250913679599762 dtype=torch.float32
  [gamma.grad] step=62 val=-0.17477500438690186 dtype=torch.float32
  [gamma.grad] step=63 val=-0.1814436912536621 dtype=torch.float32
  [gamma.grad] step=64 val=-0.2226538360118866 dtype=torch.float32
  [gamma.grad] step=65 val=-0.7571731805801392 dtype=torch.float32
  [gamma.grad] step=66 val=-0.20004767179489136 dtype=torch.float32
  [gamma.grad] step=67 val=-0.9998438358306885 dtype=torch.float32
  [gamma.grad] step=68 val=-0.3090905547142029 dtype=torch.float32
  [gamma.grad] step=69 val=-0.5304008722305298 dtype=torch.float32
  [gamma.grad] step=70 val=-0.05926217883825302 dtype=torch.float32
[step 70] loss=1.6663 sigma_Wh=0.6963 sigma_Wc=0.7461 holds=True lambda=0.501 gamma=4.6121e-03 (57.0s)
  [gamma.grad] step=71 val=-0.36441516876220703 dtype=torch.float32
  [gamma.grad] step=72 val=-0.5413669347763062 dtype=torch.float32
  [gamma.grad] step=73 val=-0.28127527236938477 dtype=torch.float32
  [gamma.grad] step=74 val=-0.9997044205665588 dtype=torch.float32
  [gamma.grad] step=75 val=-0.999950110912323 dtype=torch.float32
  [gamma.grad] step=76 val=-0.12948787212371826 dtype=torch.float32
  [gamma.grad] step=77 val=-0.2234162986278534 dtype=torch.float32
  [gamma.grad] step=78 val=-0.32518497109413147 dtype=torch.float32
  [gamma.grad] step=79 val=-0.08898128569126129 dtype=torch.float32
  [gamma.grad] step=80 val=-0.999877393245697 dtype=torch.float32
[step 80] loss=9.5941 sigma_Wh=0.6964 sigma_Wc=0.7463 holds=True lambda=0.501 gamma=5.8951e-03 (65.1s)
  [gamma.grad] step=81 val=-0.9998782873153687 dtype=torch.float32
  [gamma.grad] step=82 val=-0.2566615343093872 dtype=torch.float32
  [gamma.grad] step=83 val=-0.47962653636932373 dtype=torch.float32
  [gamma.grad] step=84 val=-0.9997693300247192 dtype=torch.float32
  [gamma.grad] step=85 val=-0.9998963475227356 dtype=torch.float32
  [gamma.grad] step=86 val=-0.9998824596405029 dtype=torch.float32
  [gamma.grad] step=87 val=-0.9998714327812195 dtype=torch.float32
  [gamma.grad] step=88 val=-0.05108129233121872 dtype=torch.float32
  [gamma.grad] step=89 val=-0.13504502177238464 dtype=torch.float32
  [gamma.grad] step=90 val=-0.13444223999977112 dtype=torch.float32
[step 90] loss=2.9903 sigma_Wh=0.6965 sigma_Wc=0.7465 holds=True lambda=0.501 gamma=7.3184e-03 (73.4s)
  [gamma.grad] step=91 val=-0.9997450709342957 dtype=torch.float32
  [gamma.grad] step=92 val=-0.9998881220817566 dtype=torch.float32
  [gamma.grad] step=93 val=-0.9998384714126587 dtype=torch.float32
  [gamma.grad] step=94 val=-0.5252828598022461 dtype=torch.float32
  [gamma.grad] step=95 val=-0.9999006390571594 dtype=torch.float32
  [gamma.grad] step=96 val=-0.9998189210891724 dtype=torch.float32
  [gamma.grad] step=97 val=-0.9998151063919067 dtype=torch.float32
  [gamma.grad] step=98 val=-0.19548138976097107 dtype=torch.float32
  [gamma.grad] step=99 val=-0.9998936057090759 dtype=torch.float32
  [gamma.grad] step=100 val=-0.9999315738677979 dtype=torch.float32
[step 100] loss=2.1588 sigma_Wh=0.6965 sigma_Wc=0.7467 holds=True lambda=0.501 gamma=8.7963e-03 (81.6s)
  [gamma.grad] step=101 val=-0.9998997449874878 dtype=torch.float32
  [gamma.grad] step=102 val=-0.9998721480369568 dtype=torch.float32
  [gamma.grad] step=103 val=-0.19641348719596863 dtype=torch.float32
  [gamma.grad] step=104 val=-0.9947001934051514 dtype=torch.float32
  [gamma.grad] step=105 val=-0.9989731311798096 dtype=torch.float32
  [gamma.grad] step=106 val=-0.7448538541793823 dtype=torch.float32
  [gamma.grad] step=107 val=-0.9998483061790466 dtype=torch.float32
  [gamma.grad] step=108 val=-0.999756395816803 dtype=torch.float32
  [gamma.grad] step=109 val=-0.9999244213104248 dtype=torch.float32
  [gamma.grad] step=110 val=-0.3552945852279663 dtype=torch.float32
[step 110] loss=3.2717 sigma_Wh=0.6967 sigma_Wc=0.7470 holds=True lambda=0.501 gamma=1.0330e-02 (89.8s)
  [gamma.grad] step=111 val=-0.9997797012329102 dtype=torch.float32
  [gamma.grad] step=112 val=-0.9998626112937927 dtype=torch.float32
  [gamma.grad] step=113 val=-0.9995986223220825 dtype=torch.float32
  [gamma.grad] step=114 val=-0.21949167549610138 dtype=torch.float32
  [gamma.grad] step=115 val=-0.999955952167511 dtype=torch.float32
  [gamma.grad] step=116 val=-0.5632357597351074 dtype=torch.float32
  [gamma.grad] step=117 val=-0.6368153095245361 dtype=torch.float32
  [gamma.grad] step=118 val=-0.9994087815284729 dtype=torch.float32
  [gamma.grad] step=119 val=-0.22565129399299622 dtype=torch.float32
  [gamma.grad] step=120 val=-0.9998667240142822 dtype=torch.float32
[step 120] loss=1.4017 sigma_Wh=0.6969 sigma_Wc=0.7472 holds=True lambda=0.502 gamma=1.1763e-02 (97.9s)
  [gamma.grad] step=121 val=-0.9994643330574036 dtype=torch.float32
  [gamma.grad] step=122 val=-0.9999145269393921 dtype=torch.float32
  [gamma.grad] step=123 val=-0.4146852493286133 dtype=torch.float32
  [gamma.grad] step=124 val=-0.9997878074645996 dtype=torch.float32
  [gamma.grad] step=125 val=-0.8212683200836182 dtype=torch.float32
  [gamma.grad] step=126 val=-0.9137948751449585 dtype=torch.float32
  [gamma.grad] step=127 val=-0.9999489188194275 dtype=torch.float32
  [gamma.grad] step=128 val=-0.9998440146446228 dtype=torch.float32
  [gamma.grad] step=129 val=-0.9998201131820679 dtype=torch.float32
  [gamma.grad] step=130 val=-0.39056503772735596 dtype=torch.float32
[step 130] loss=1.7383 sigma_Wh=0.6972 sigma_Wc=0.7474 holds=True lambda=0.502 gamma=1.3149e-02 (106.0s)
  [gamma.grad] step=131 val=-0.9999074935913086 dtype=torch.float32
  [gamma.grad] step=132 val=-0.5713171362876892 dtype=torch.float32
  [gamma.grad] step=133 val=-0.9450638294219971 dtype=torch.float32
  [gamma.grad] step=134 val=-0.771486759185791 dtype=torch.float32
  [gamma.grad] step=135 val=-0.03441201150417328 dtype=torch.float32
  [gamma.grad] step=136 val=-0.9998701810836792 dtype=torch.float32
  [gamma.grad] step=137 val=-0.25516411662101746 dtype=torch.float32
  [gamma.grad] step=138 val=-0.9998840093612671 dtype=torch.float32
  [gamma.grad] step=139 val=-0.9996196031570435 dtype=torch.float32
  [gamma.grad] step=140 val=-0.999872088432312 dtype=torch.float32
[step 140] loss=2.4650 sigma_Wh=0.6974 sigma_Wc=0.7475 holds=True lambda=0.502 gamma=1.4432e-02 (114.3s)
  [gamma.grad] step=141 val=-0.9998831748962402 dtype=torch.float32
  [gamma.grad] step=142 val=-0.999839186668396 dtype=torch.float32
  [gamma.grad] step=143 val=-0.9996918439865112 dtype=torch.float32
  [gamma.grad] step=144 val=-0.9998968243598938 dtype=torch.float32
  [gamma.grad] step=145 val=-0.9997922778129578 dtype=torch.float32
  [gamma.grad] step=146 val=-0.9999555349349976 dtype=torch.float32
  [gamma.grad] step=147 val=-0.606796145439148 dtype=torch.float32
  [gamma.grad] step=148 val=-0.999952495098114 dtype=torch.float32
  [gamma.grad] step=149 val=-0.6555890440940857 dtype=torch.float32
  [gamma.grad] step=150 val=-0.855675458908081 dtype=torch.float32
[step 150] loss=1.4323 sigma_Wh=0.6977 sigma_Wc=0.7477 holds=True lambda=0.502 gamma=1.5781e-02 (122.4s)
  [gamma.grad] step=151 val=-0.9997295141220093 dtype=torch.float32
  [gamma.grad] step=152 val=-0.9997539520263672 dtype=torch.float32
  [gamma.grad] step=153 val=-0.7206014394760132 dtype=torch.float32
  [gamma.grad] step=154 val=-0.9998914003372192 dtype=torch.float32
  [gamma.grad] step=155 val=-0.9998105764389038 dtype=torch.float32
  [gamma.grad] step=156 val=-0.5961309671401978 dtype=torch.float32
  [gamma.grad] step=157 val=-0.26248878240585327 dtype=torch.float32
  [gamma.grad] step=158 val=-0.9995090365409851 dtype=torch.float32
  [gamma.grad] step=159 val=-0.999729573726654 dtype=torch.float32
  [gamma.grad] step=160 val=-0.99996018409729 dtype=torch.float32
[step 160] loss=1.6732 sigma_Wh=0.6979 sigma_Wc=0.7478 holds=True lambda=0.502 gamma=1.7088e-02 (130.5s)
  [gamma.grad] step=161 val=-0.9999356865882874 dtype=torch.float32
  [gamma.grad] step=162 val=-0.9998137354850769 dtype=torch.float32
  [gamma.grad] step=163 val=-0.9998932480812073 dtype=torch.float32
  [gamma.grad] step=164 val=-0.6910645961761475 dtype=torch.float32
  [gamma.grad] step=165 val=-0.9999127984046936 dtype=torch.float32
  [gamma.grad] step=166 val=-0.5918645262718201 dtype=torch.float32
  [gamma.grad] step=167 val=-0.9996334314346313 dtype=torch.float32
  [gamma.grad] step=168 val=-0.9992520213127136 dtype=torch.float32
  [gamma.grad] step=169 val=-0.9999375343322754 dtype=torch.float32
  [gamma.grad] step=170 val=-0.9643744826316833 dtype=torch.float32
[step 170] loss=2.6410 sigma_Wh=0.6981 sigma_Wc=0.7479 holds=True lambda=0.502 gamma=1.8395e-02 (138.3s)
  [gamma.grad] step=171 val=-0.14197339117527008 dtype=torch.float32
  [gamma.grad] step=172 val=-0.9997742176055908 dtype=torch.float32
  [gamma.grad] step=173 val=-0.8454293608665466 dtype=torch.float32
  [gamma.grad] step=174 val=-0.8009225726127625 dtype=torch.float32
  [gamma.grad] step=175 val=-0.9998875856399536 dtype=torch.float32
  [gamma.grad] step=176 val=-0.6187041401863098 dtype=torch.float32
  [gamma.grad] step=177 val=-0.99996018409729 dtype=torch.float32
  [gamma.grad] step=178 val=-0.9999425411224365 dtype=torch.float32
  [gamma.grad] step=179 val=-0.9997517466545105 dtype=torch.float32
  [gamma.grad] step=180 val=-0.9998013973236084 dtype=torch.float32
[step 180] loss=1.3568 sigma_Wh=0.6982 sigma_Wc=0.7480 holds=True lambda=0.502 gamma=1.9633e-02 (145.9s)
  [gamma.grad] step=181 val=-0.9996477365493774 dtype=torch.float32
  [gamma.grad] step=182 val=-0.1010746955871582 dtype=torch.float32
  [gamma.grad] step=183 val=-0.9998712539672852 dtype=torch.float32
  [gamma.grad] step=184 val=-0.999762773513794 dtype=torch.float32
  [gamma.grad] step=185 val=-0.9991763234138489 dtype=torch.float32
  [gamma.grad] step=186 val=-0.9999545216560364 dtype=torch.float32
  [gamma.grad] step=187 val=-0.22730505466461182 dtype=torch.float32
  [gamma.grad] step=188 val=-0.35014137625694275 dtype=torch.float32
  [gamma.grad] step=189 val=0.8459380269050598 dtype=torch.float32
  [gamma.grad] step=190 val=-0.43319815397262573 dtype=torch.float32
[step 190] loss=2.2757 sigma_Wh=0.6983 sigma_Wc=0.7481 holds=True lambda=0.503 gamma=2.0766e-02 (153.8s)
  [gamma.grad] step=191 val=-0.9999359846115112 dtype=torch.float32
  [gamma.grad] step=192 val=-0.9996934533119202 dtype=torch.float32
  [gamma.grad] step=193 val=-0.9996354579925537 dtype=torch.float32
  [gamma.grad] step=194 val=-0.9999136924743652 dtype=torch.float32
  [gamma.grad] step=195 val=-0.9996607899665833 dtype=torch.float32
  [gamma.grad] step=196 val=-0.9997227191925049 dtype=torch.float32
  [gamma.grad] step=197 val=-0.9991967678070068 dtype=torch.float32
  [gamma.grad] step=198 val=-0.999854564666748 dtype=torch.float32
  [gamma.grad] step=199 val=-0.9997583031654358 dtype=torch.float32
  [gamma.grad] step=200 val=-0.9996961355209351 dtype=torch.float32
[step 200] loss=2.1106 sigma_Wh=0.6984 sigma_Wc=0.7481 holds=True lambda=0.503 gamma=2.1831e-02 (161.7s)
[ckpt] runs/stage1_hybrid/ckpt_200.pt
  [gamma.grad] step=201 val=-0.9999389052391052 dtype=torch.float32
  [gamma.grad] step=202 val=-0.5600390434265137 dtype=torch.float32
  [gamma.grad] step=203 val=-0.9999328255653381 dtype=torch.float32
  [gamma.grad] step=204 val=-0.9999324083328247 dtype=torch.float32
  [gamma.grad] step=205 val=-0.9999181032180786 dtype=torch.float32
  [gamma.grad] step=206 val=-0.9358835220336914 dtype=torch.float32
  [gamma.grad] step=207 val=-0.9999264478683472 dtype=torch.float32
  [gamma.grad] step=208 val=-0.6892813444137573 dtype=torch.float32
  [gamma.grad] step=209 val=-0.9998582005500793 dtype=torch.float32
  [gamma.grad] step=210 val=-0.9997954964637756 dtype=torch.float32
[step 210] loss=2.0730 sigma_Wh=0.6984 sigma_Wc=0.7481 holds=True lambda=0.503 gamma=2.3037e-02 (173.0s)
  [gamma.grad] step=211 val=-0.9999401569366455 dtype=torch.float32
  [gamma.grad] step=212 val=-0.03850111365318298 dtype=torch.float32
  [gamma.grad] step=213 val=-0.9998471140861511 dtype=torch.float32
  [gamma.grad] step=214 val=-0.875601053237915 dtype=torch.float32
  [gamma.grad] step=215 val=-0.9998931288719177 dtype=torch.float32
  [gamma.grad] step=216 val=-0.40088263154029846 dtype=torch.float32
  [gamma.grad] step=217 val=-0.9999358654022217 dtype=torch.float32
  [gamma.grad] step=218 val=-0.9996659159660339 dtype=torch.float32
  [gamma.grad] step=219 val=-0.9993884563446045 dtype=torch.float32
  [gamma.grad] step=220 val=-0.7377170324325562 dtype=torch.float32
[step 220] loss=1.6797 sigma_Wh=0.6985 sigma_Wc=0.7481 holds=True lambda=0.503 gamma=2.4190e-02 (180.7s)
  [gamma.grad] step=221 val=-0.4922725558280945 dtype=torch.float32
  [gamma.grad] step=222 val=-0.999767541885376 dtype=torch.float32
  [gamma.grad] step=223 val=-0.83432537317276 dtype=torch.float32
  [gamma.grad] step=224 val=-0.6932983994483948 dtype=torch.float32
  [gamma.grad] step=225 val=-0.874852180480957 dtype=torch.float32
  [gamma.grad] step=226 val=-0.9995831251144409 dtype=torch.float32
  [gamma.grad] step=227 val=-0.9997116923332214 dtype=torch.float32
  [gamma.grad] step=228 val=-0.999900221824646 dtype=torch.float32
  [gamma.grad] step=229 val=-0.9998164772987366 dtype=torch.float32
  [gamma.grad] step=230 val=-0.99981689453125 dtype=torch.float32
[step 230] loss=3.1370 sigma_Wh=0.6985 sigma_Wc=0.7482 holds=True lambda=0.503 gamma=2.5330e-02 (188.8s)
  [gamma.grad] step=231 val=-0.9998002052307129 dtype=torch.float32
  [gamma.grad] step=232 val=-0.9998573660850525 dtype=torch.float32
  [gamma.grad] step=233 val=-0.9996867179870605 dtype=torch.float32
  [gamma.grad] step=234 val=-0.9998840689659119 dtype=torch.float32
  [gamma.grad] step=235 val=-0.9993005990982056 dtype=torch.float32
  [gamma.grad] step=236 val=-0.9997627139091492 dtype=torch.float32
  [gamma.grad] step=237 val=-0.9990472793579102 dtype=torch.float32
  [gamma.grad] step=238 val=-0.9995067715644836 dtype=torch.float32
  [gamma.grad] step=239 val=-0.9995604753494263 dtype=torch.float32
  [gamma.grad] step=240 val=-0.9999512434005737 dtype=torch.float32
[step 240] loss=1.3580 sigma_Wh=0.6986 sigma_Wc=0.7482 holds=True lambda=0.503 gamma=2.6570e-02 (196.9s)
  [gamma.grad] step=241 val=0.41886359453201294 dtype=torch.float32
  [gamma.grad] step=242 val=-0.9998907446861267 dtype=torch.float32
  [gamma.grad] step=243 val=-0.9998010993003845 dtype=torch.float32
  [gamma.grad] step=244 val=-0.8640561103820801 dtype=torch.float32
  [gamma.grad] step=245 val=-0.9995625019073486 dtype=torch.float32
  [gamma.grad] step=246 val=-0.9997879266738892 dtype=torch.float32
  [gamma.grad] step=247 val=-0.999923050403595 dtype=torch.float32
  [gamma.grad] step=248 val=-0.9996427297592163 dtype=torch.float32
  [gamma.grad] step=249 val=-0.7175523042678833 dtype=torch.float32
  [gamma.grad] step=250 val=-0.9997191429138184 dtype=torch.float32
[step 250] loss=2.6401 sigma_Wh=0.6986 sigma_Wc=0.7482 holds=True lambda=0.503 gamma=2.7710e-02 (204.4s)
  [gamma.grad] step=251 val=-0.9989919662475586 dtype=torch.float32
  [gamma.grad] step=252 val=-0.9997798204421997 dtype=torch.float32
  [gamma.grad] step=253 val=-0.9995737671852112 dtype=torch.float32
  [gamma.grad] step=254 val=-0.37572675943374634 dtype=torch.float32
  [gamma.grad] step=255 val=-0.9997067451477051 dtype=torch.float32
  [gamma.grad] step=256 val=-0.9997800588607788 dtype=torch.float32
  [gamma.grad] step=257 val=-0.999692440032959 dtype=torch.float32
  [gamma.grad] step=258 val=-0.9999467134475708 dtype=torch.float32
  [gamma.grad] step=259 val=-0.9993733763694763 dtype=torch.float32
  [gamma.grad] step=260 val=-0.9995580315589905 dtype=torch.float32
[step 260] loss=1.5259 sigma_Wh=0.6987 sigma_Wc=0.7483 holds=True lambda=0.503 gamma=2.8881e-02 (212.0s)
  [gamma.grad] step=261 val=-0.9995415806770325 dtype=torch.float32
  [gamma.grad] step=262 val=-0.9999536871910095 dtype=torch.float32
  [gamma.grad] step=263 val=-0.9998630285263062 dtype=torch.float32
  [gamma.grad] step=264 val=-0.99990314245224 dtype=torch.float32
  [gamma.grad] step=265 val=-0.9995803833007812 dtype=torch.float32
  [gamma.grad] step=266 val=-0.99977707862854 dtype=torch.float32
  [gamma.grad] step=267 val=-0.9999580383300781 dtype=torch.float32
  [gamma.grad] step=268 val=-0.9999428987503052 dtype=torch.float32
  [gamma.grad] step=269 val=-0.9998977184295654 dtype=torch.float32
  [gamma.grad] step=270 val=-0.9989256262779236 dtype=torch.float32
[step 270] loss=2.9441 sigma_Wh=0.6987 sigma_Wc=0.7484 holds=True lambda=0.503 gamma=3.0102e-02 (219.4s)
  [gamma.grad] step=271 val=-0.4699946939945221 dtype=torch.float32
  [gamma.grad] step=272 val=-0.9997467994689941 dtype=torch.float32
  [gamma.grad] step=273 val=-0.2315206527709961 dtype=torch.float32
  [gamma.grad] step=274 val=-0.9994356036186218 dtype=torch.float32
  [gamma.grad] step=275 val=-0.9988512396812439 dtype=torch.float32
  [gamma.grad] step=276 val=-0.9991110563278198 dtype=torch.float32
  [gamma.grad] step=277 val=0.6500964164733887 dtype=torch.float32
  [gamma.grad] step=278 val=-0.9998263716697693 dtype=torch.float32
  [gamma.grad] step=279 val=-0.9996616840362549 dtype=torch.float32
  [gamma.grad] step=280 val=-0.9999340772628784 dtype=torch.float32
[step 280] loss=1.7144 sigma_Wh=0.6987 sigma_Wc=0.7484 holds=True lambda=0.503 gamma=3.1178e-02 (227.1s)
  [gamma.grad] step=281 val=-0.9992929100990295 dtype=torch.float32
  [gamma.grad] step=282 val=0.09059369564056396 dtype=torch.float32
  [gamma.grad] step=283 val=-0.9993070960044861 dtype=torch.float32
  [gamma.grad] step=284 val=-0.9996249675750732 dtype=torch.float32
  [gamma.grad] step=285 val=-0.8406568765640259 dtype=torch.float32
  [gamma.grad] step=286 val=-0.9990355372428894 dtype=torch.float32
  [gamma.grad] step=287 val=-0.9998973608016968 dtype=torch.float32
  [gamma.grad] step=288 val=-0.9995427131652832 dtype=torch.float32
  [gamma.grad] step=289 val=-0.9996514916419983 dtype=torch.float32
  [gamma.grad] step=290 val=-0.9993899464607239 dtype=torch.float32
[step 290] loss=2.4410 sigma_Wh=0.6987 sigma_Wc=0.7484 holds=True lambda=0.503 gamma=3.2203e-02 (235.0s)
  [gamma.grad] step=291 val=-0.9993612766265869 dtype=torch.float32
  [gamma.grad] step=292 val=-0.9996762275695801 dtype=torch.float32
  [gamma.grad] step=293 val=-0.9999459385871887 dtype=torch.float32
  [gamma.grad] step=294 val=-0.9995158314704895 dtype=torch.float32
  [gamma.grad] step=295 val=-0.999887228012085 dtype=torch.float32
  [gamma.grad] step=296 val=-0.999902069568634 dtype=torch.float32
  [gamma.grad] step=297 val=0.8792086839675903 dtype=torch.float32
  [gamma.grad] step=298 val=-0.9999183416366577 dtype=torch.float32
  [gamma.grad] step=299 val=-0.8177414536476135 dtype=torch.float32
  [gamma.grad] step=300 val=-0.999768853187561 dtype=torch.float32
[step 300] loss=1.7019 sigma_Wh=0.6987 sigma_Wc=0.7484 holds=True lambda=0.503 gamma=3.3272e-02 (242.6s)
  [gamma.grad] step=301 val=0.24560092389583588 dtype=torch.float32
  [gamma.grad] step=302 val=-0.9998776316642761 dtype=torch.float32
  [gamma.grad] step=303 val=-0.9992794394493103 dtype=torch.float32
  [gamma.grad] step=304 val=-0.9994826316833496 dtype=torch.float32
  [gamma.grad] step=305 val=-0.9999263286590576 dtype=torch.float32
  [gamma.grad] step=306 val=-0.9995161294937134 dtype=torch.float32
  [gamma.grad] step=307 val=-0.9991710782051086 dtype=torch.float32
  [gamma.grad] step=308 val=-0.9998522996902466 dtype=torch.float32
  [gamma.grad] step=309 val=-0.9981493353843689 dtype=torch.float32
  [gamma.grad] step=310 val=-0.9994280338287354 dtype=torch.float32
[step 310] loss=2.4873 sigma_Wh=0.6988 sigma_Wc=0.7484 holds=True lambda=0.503 gamma=3.4265e-02 (250.3s)
  [gamma.grad] step=311 val=-0.999906599521637 dtype=torch.float32
  [gamma.grad] step=312 val=-0.9367895722389221 dtype=torch.float32
  [gamma.grad] step=313 val=-0.9998194575309753 dtype=torch.float32
  [gamma.grad] step=314 val=-0.643207311630249 dtype=torch.float32
  [gamma.grad] step=315 val=-0.2639044523239136 dtype=torch.float32
  [gamma.grad] step=316 val=-0.9993948936462402 dtype=torch.float32
  [gamma.grad] step=317 val=-0.9997979402542114 dtype=torch.float32
  [gamma.grad] step=318 val=0.017329856753349304 dtype=torch.float32
  [gamma.grad] step=319 val=-0.9999102354049683 dtype=torch.float32
  [gamma.grad] step=320 val=-0.9998994469642639 dtype=torch.float32
[step 320] loss=3.1129 sigma_Wh=0.6989 sigma_Wc=0.7485 holds=True lambda=0.503 gamma=3.5305e-02 (258.0s)
  [gamma.grad] step=321 val=0.11283159255981445 dtype=torch.float32
  [gamma.grad] step=322 val=-0.9999033212661743 dtype=torch.float32
  [gamma.grad] step=323 val=-0.9990999102592468 dtype=torch.float32
  [gamma.grad] step=324 val=-0.9998812079429626 dtype=torch.float32
  [gamma.grad] step=325 val=-0.5295454263687134 dtype=torch.float32
  [gamma.grad] step=326 val=0.9029402732849121 dtype=torch.float32
  [gamma.grad] step=327 val=-0.9996583461761475 dtype=torch.float32
  [gamma.grad] step=328 val=-0.999688982963562 dtype=torch.float32
  [gamma.grad] step=329 val=-0.5510754585266113 dtype=torch.float32
  [gamma.grad] step=330 val=-0.9997893571853638 dtype=torch.float32
[step 330] loss=5.2762 sigma_Wh=0.6989 sigma_Wc=0.7485 holds=True lambda=0.503 gamma=3.6174e-02 (265.7s)
  [gamma.grad] step=331 val=-0.5304591655731201 dtype=torch.float32
  [gamma.grad] step=332 val=-0.9876331090927124 dtype=torch.float32
  [gamma.grad] step=333 val=-0.6777051091194153 dtype=torch.float32
  [gamma.grad] step=334 val=-0.9998542070388794 dtype=torch.float32
  [gamma.grad] step=335 val=-0.9998039603233337 dtype=torch.float32
  [gamma.grad] step=336 val=-0.606537938117981 dtype=torch.float32
  [gamma.grad] step=337 val=-0.9998243451118469 dtype=torch.float32
  [gamma.grad] step=338 val=0.05802632123231888 dtype=torch.float32
  [gamma.grad] step=339 val=-0.9992449879646301 dtype=torch.float32
  [gamma.grad] step=340 val=-0.9998871684074402 dtype=torch.float32
[step 340] loss=3.3104 sigma_Wh=0.6989 sigma_Wc=0.7485 holds=True lambda=0.503 gamma=3.7066e-02 (273.7s)
  [gamma.grad] step=341 val=-0.9997899532318115 dtype=torch.float32
  [gamma.grad] step=342 val=-0.9991063475608826 dtype=torch.float32
  [gamma.grad] step=343 val=-0.6260287761688232 dtype=torch.float32
  [gamma.grad] step=344 val=-0.9998332858085632 dtype=torch.float32
  [gamma.grad] step=345 val=-0.9997061491012573 dtype=torch.float32
  [gamma.grad] step=346 val=-0.9937685132026672 dtype=torch.float32
  [gamma.grad] step=347 val=-0.999768853187561 dtype=torch.float32
  [gamma.grad] step=348 val=-0.9882187843322754 dtype=torch.float32
  [gamma.grad] step=349 val=-0.048266567289829254 dtype=torch.float32
  [gamma.grad] step=350 val=0.819602906703949 dtype=torch.float32
[step 350] loss=3.0254 sigma_Wh=0.6989 sigma_Wc=0.7486 holds=True lambda=0.503 gamma=3.8036e-02 (281.9s)
  [gamma.grad] step=351 val=-0.9997047185897827 dtype=torch.float32
  [gamma.grad] step=352 val=-0.8237059116363525 dtype=torch.float32
  [gamma.grad] step=353 val=-0.5974303483963013 dtype=torch.float32
  [gamma.grad] step=354 val=-0.9993727207183838 dtype=torch.float32
  [gamma.grad] step=355 val=-0.9996391534805298 dtype=torch.float32
  [gamma.grad] step=356 val=-0.9993243217468262 dtype=torch.float32
  [gamma.grad] step=357 val=-0.9989647269248962 dtype=torch.float32
  [gamma.grad] step=358 val=-0.5240676403045654 dtype=torch.float32
  [gamma.grad] step=359 val=-0.9993242621421814 dtype=torch.float32
  [gamma.grad] step=360 val=-0.48112574219703674 dtype=torch.float32
[step 360] loss=3.3551 sigma_Wh=0.6990 sigma_Wc=0.7486 holds=True lambda=0.503 gamma=3.8922e-02 (290.0s)
  [gamma.grad] step=361 val=-0.9997172951698303 dtype=torch.float32
  [gamma.grad] step=362 val=-0.9997107982635498 dtype=torch.float32
  [gamma.grad] step=363 val=-0.46138131618499756 dtype=torch.float32
  [gamma.grad] step=364 val=-0.9996820092201233 dtype=torch.float32
  [gamma.grad] step=365 val=0.19660523533821106 dtype=torch.float32
  [gamma.grad] step=366 val=-0.9998866319656372 dtype=torch.float32
  [gamma.grad] step=367 val=-0.9991852641105652 dtype=torch.float32
  [gamma.grad] step=368 val=-0.46049585938453674 dtype=torch.float32
  [gamma.grad] step=369 val=-0.9997439980506897 dtype=torch.float32
  [gamma.grad] step=370 val=-0.9985983967781067 dtype=torch.float32
[step 370] loss=2.5289 sigma_Wh=0.6990 sigma_Wc=0.7486 holds=True lambda=0.503 gamma=3.9838e-02 (298.1s)
  [gamma.grad] step=371 val=-0.9980577230453491 dtype=torch.float32
  [gamma.grad] step=372 val=-0.998989462852478 dtype=torch.float32
  [gamma.grad] step=373 val=-0.9987495541572571 dtype=torch.float32
  [gamma.grad] step=374 val=-0.11965145170688629 dtype=torch.float32
  [gamma.grad] step=375 val=-0.9998918771743774 dtype=torch.float32
  [gamma.grad] step=376 val=-0.9998871684074402 dtype=torch.float32
  [gamma.grad] step=377 val=-0.9974979162216187 dtype=torch.float32
  [gamma.grad] step=378 val=0.2964002788066864 dtype=torch.float32
  [gamma.grad] step=379 val=0.0867120623588562 dtype=torch.float32
  [gamma.grad] step=380 val=-0.999937891960144 dtype=torch.float32
[step 380] loss=3.7467 sigma_Wh=0.6990 sigma_Wc=0.7486 holds=True lambda=0.503 gamma=4.0766e-02 (306.2s)
  [gamma.grad] step=381 val=-0.9988113641738892 dtype=torch.float32
  [gamma.grad] step=382 val=-0.9996129274368286 dtype=torch.float32
  [gamma.grad] step=383 val=-0.9998236894607544 dtype=torch.float32
  [gamma.grad] step=384 val=-0.9998416304588318 dtype=torch.float32
  [gamma.grad] step=385 val=-0.9011307954788208 dtype=torch.float32
  [gamma.grad] step=386 val=-0.9980517029762268 dtype=torch.float32
  [gamma.grad] step=387 val=0.2607463002204895 dtype=torch.float32
  [gamma.grad] step=388 val=-0.9998467564582825 dtype=torch.float32
  [gamma.grad] step=389 val=-0.34920722246170044 dtype=torch.float32
  [gamma.grad] step=390 val=0.7285162210464478 dtype=torch.float32
[step 390] loss=1.5699 sigma_Wh=0.6991 sigma_Wc=0.7486 holds=True lambda=0.503 gamma=4.1649e-02 (314.2s)
  [gamma.grad] step=391 val=-0.9998676180839539 dtype=torch.float32
  [gamma.grad] step=392 val=-0.99970543384552 dtype=torch.float32
  [gamma.grad] step=393 val=-0.6414022445678711 dtype=torch.float32
  [gamma.grad] step=394 val=0.10434944182634354 dtype=torch.float32
  [gamma.grad] step=395 val=0.25990810990333557 dtype=torch.float32
  [gamma.grad] step=396 val=-0.9989864230155945 dtype=torch.float32
  [gamma.grad] step=397 val=-0.9987545013427734 dtype=torch.float32
  [gamma.grad] step=398 val=0.5700961947441101 dtype=torch.float32
  [gamma.grad] step=399 val=0.9996918439865112 dtype=torch.float32
  [gamma.grad] step=400 val=-0.9983173608779907 dtype=torch.float32
[step 400] loss=2.8517 sigma_Wh=0.6991 sigma_Wc=0.7486 holds=True lambda=0.503 gamma=4.2281e-02 (322.4s)
[ckpt] runs/stage1_hybrid/ckpt_400.pt
  [gamma.grad] step=401 val=-0.9998834133148193 dtype=torch.float32
  [gamma.grad] step=402 val=-0.9995120763778687 dtype=torch.float32
  [gamma.grad] step=403 val=0.7007713317871094 dtype=torch.float32
  [gamma.grad] step=404 val=0.9985979795455933 dtype=torch.float32
  [gamma.grad] step=405 val=-0.9998120665550232 dtype=torch.float32
  [gamma.grad] step=406 val=-0.9989808797836304 dtype=torch.float32
  [gamma.grad] step=407 val=-0.9997318983078003 dtype=torch.float32
  [gamma.grad] step=408 val=-0.9997962713241577 dtype=torch.float32
  [gamma.grad] step=409 val=-0.9996764659881592 dtype=torch.float32
  [gamma.grad] step=410 val=-0.9987980127334595 dtype=torch.float32
[step 410] loss=1.4233 sigma_Wh=0.6991 sigma_Wc=0.7486 holds=True lambda=0.503 gamma=4.2813e-02 (333.8s)
  [gamma.grad] step=411 val=-0.9989030957221985 dtype=torch.float32
  [gamma.grad] step=412 val=-0.9980486035346985 dtype=torch.float32
  [gamma.grad] step=413 val=-0.5973597168922424 dtype=torch.float32
  [gamma.grad] step=414 val=-0.997952401638031 dtype=torch.float32
  [gamma.grad] step=415 val=0.9954388737678528 dtype=torch.float32
  [gamma.grad] step=416 val=-0.9993166327476501 dtype=torch.float32
  [gamma.grad] step=417 val=-0.9998640418052673 dtype=torch.float32
  [gamma.grad] step=418 val=-0.8274692893028259 dtype=torch.float32
  [gamma.grad] step=419 val=-0.9995441436767578 dtype=torch.float32
  [gamma.grad] step=420 val=-0.9997687339782715 dtype=torch.float32
[step 420] loss=3.0240 sigma_Wh=0.6992 sigma_Wc=0.7486 holds=True lambda=0.503 gamma=4.3586e-02 (341.9s)
  [gamma.grad] step=421 val=-0.9997201561927795 dtype=torch.float32
  [gamma.grad] step=422 val=-0.9997401237487793 dtype=torch.float32
  [gamma.grad] step=423 val=-0.999912679195404 dtype=torch.float32
  [gamma.grad] step=424 val=-0.9995900392532349 dtype=torch.float32
  [gamma.grad] step=425 val=0.2733910381793976 dtype=torch.float32
  [gamma.grad] step=426 val=-0.6141424179077148 dtype=torch.float32
  [gamma.grad] step=427 val=-0.9996547102928162 dtype=torch.float32
  [gamma.grad] step=428 val=-0.9999390244483948 dtype=torch.float32
  [gamma.grad] step=429 val=-0.960556149482727 dtype=torch.float32
  [gamma.grad] step=430 val=0.8174314498901367 dtype=torch.float32
[step 430] loss=3.7319 sigma_Wh=0.6992 sigma_Wc=0.7486 holds=True lambda=0.503 gamma=4.4466e-02 (349.8s)
  [gamma.grad] step=431 val=-0.9996770024299622 dtype=torch.float32
  [gamma.grad] step=432 val=-0.9583795070648193 dtype=torch.float32
  [gamma.grad] step=433 val=-0.9983351826667786 dtype=torch.float32
  [gamma.grad] step=434 val=-0.9998205304145813 dtype=torch.float32
  [gamma.grad] step=435 val=0.9982695579528809 dtype=torch.float32
  [gamma.grad] step=436 val=0.9979097843170166 dtype=torch.float32
  [gamma.grad] step=437 val=-0.0423102080821991 dtype=torch.float32
  [gamma.grad] step=438 val=-0.9979183673858643 dtype=torch.float32
  [gamma.grad] step=439 val=-0.9994417428970337 dtype=torch.float32
  [gamma.grad] step=440 val=-0.9998811483383179 dtype=torch.float32
[step 440] loss=0.8350 sigma_Wh=0.6991 sigma_Wc=0.7486 holds=True lambda=0.503 gamma=4.5137e-02 (357.4s)
  [gamma.grad] step=441 val=0.9990077018737793 dtype=torch.float32
  [gamma.grad] step=442 val=-0.5278501510620117 dtype=torch.float32
  [gamma.grad] step=443 val=-0.9998632073402405 dtype=torch.float32
  [gamma.grad] step=444 val=-0.9985144138336182 dtype=torch.float32
  [gamma.grad] step=445 val=-0.9992114901542664 dtype=torch.float32
  [gamma.grad] step=446 val=-0.9966884255409241 dtype=torch.float32
  [gamma.grad] step=447 val=-0.9986678957939148 dtype=torch.float32
  [gamma.grad] step=448 val=0.3563227653503418 dtype=torch.float32
  [gamma.grad] step=449 val=0.9996956586837769 dtype=torch.float32
  [gamma.grad] step=450 val=-0.9999052882194519 dtype=torch.float32
[step 450] loss=6.0430 sigma_Wh=0.6991 sigma_Wc=0.7486 holds=True lambda=0.503 gamma=4.5730e-02 (365.3s)
  [gamma.grad] step=451 val=0.05828148126602173 dtype=torch.float32
  [gamma.grad] step=452 val=-0.12828782200813293 dtype=torch.float32
  [gamma.grad] step=453 val=-0.9999196529388428 dtype=torch.float32
  [gamma.grad] step=454 val=-0.9993256330490112 dtype=torch.float32
  [gamma.grad] step=455 val=-0.9988406300544739 dtype=torch.float32
  [gamma.grad] step=456 val=-0.9997286796569824 dtype=torch.float32
  [gamma.grad] step=457 val=-0.4263157844543457 dtype=torch.float32
  [gamma.grad] step=458 val=-0.9996408224105835 dtype=torch.float32
  [gamma.grad] step=459 val=0.2278466820716858 dtype=torch.float32
  [gamma.grad] step=460 val=-0.9992532134056091 dtype=torch.float32
[step 460] loss=1.8715 sigma_Wh=0.6991 sigma_Wc=0.7486 holds=True lambda=0.503 gamma=4.6342e-02 (373.4s)
  [gamma.grad] step=461 val=0.9991215467453003 dtype=torch.float32
  [gamma.grad] step=462 val=-0.9992144703865051 dtype=torch.float32
  [gamma.grad] step=463 val=-0.4124809503555298 dtype=torch.float32
  [gamma.grad] step=464 val=-0.9997512102127075 dtype=torch.float32
  [gamma.grad] step=465 val=-0.7098139524459839 dtype=torch.float32
  [gamma.grad] step=466 val=-0.9998793601989746 dtype=torch.float32
  [gamma.grad] step=467 val=-0.9990265369415283 dtype=torch.float32
  [gamma.grad] step=468 val=0.48768094182014465 dtype=torch.float32
  [gamma.grad] step=469 val=-0.7810308337211609 dtype=torch.float32
  [gamma.grad] step=470 val=-0.9878131747245789 dtype=torch.float32
[step 470] loss=0.7294 sigma_Wh=0.6991 sigma_Wc=0.7486 holds=True lambda=0.503 gamma=4.6974e-02 (381.7s)
  [gamma.grad] step=471 val=-0.9998999834060669 dtype=torch.float32
  [gamma.grad] step=472 val=-0.9092517495155334 dtype=torch.float32
  [gamma.grad] step=473 val=-0.0049956440925598145 dtype=torch.float32
  [gamma.grad] step=474 val=-0.9837875962257385 dtype=torch.float32
  [gamma.grad] step=475 val=-0.9996063709259033 dtype=torch.float32
  [gamma.grad] step=476 val=-0.99847811460495 dtype=torch.float32
  [gamma.grad] step=477 val=-0.2836971879005432 dtype=torch.float32
  [gamma.grad] step=478 val=0.3203599452972412 dtype=torch.float32
  [gamma.grad] step=479 val=0.045244693756103516 dtype=torch.float32
  [gamma.grad] step=480 val=-0.9999117255210876 dtype=torch.float32
[step 480] loss=1.5886 sigma_Wh=0.6992 sigma_Wc=0.7487 holds=True lambda=0.503 gamma=4.7706e-02 (389.9s)
  [gamma.grad] step=481 val=-0.9998956918716431 dtype=torch.float32
  [gamma.grad] step=482 val=-0.9986611008644104 dtype=torch.float32
  [gamma.grad] step=483 val=-0.8206934332847595 dtype=torch.float32
  [gamma.grad] step=484 val=-0.4622584879398346 dtype=torch.float32
  [gamma.grad] step=485 val=-0.2470468282699585 dtype=torch.float32
  [gamma.grad] step=486 val=0.9979947209358215 dtype=torch.float32
  [gamma.grad] step=487 val=-0.30485641956329346 dtype=torch.float32
  [gamma.grad] step=488 val=-0.9992421865463257 dtype=torch.float32
  [gamma.grad] step=489 val=0.9992124438285828 dtype=torch.float32
  [gamma.grad] step=490 val=-0.6190716624259949 dtype=torch.float32
[step 490] loss=1.5822 sigma_Wh=0.6992 sigma_Wc=0.7487 holds=True lambda=0.503 gamma=4.8321e-02 (398.2s)
  [gamma.grad] step=491 val=-0.9778083562850952 dtype=torch.float32
  [gamma.grad] step=492 val=-0.36067309975624084 dtype=torch.float32
  [gamma.grad] step=493 val=-0.997746467590332 dtype=torch.float32
  [gamma.grad] step=494 val=-0.9985274076461792 dtype=torch.float32
  [gamma.grad] step=495 val=-0.9991076588630676 dtype=torch.float32
  [gamma.grad] step=496 val=-0.9987015128135681 dtype=torch.float32
  [gamma.grad] step=497 val=-0.9993013739585876 dtype=torch.float32
  [gamma.grad] step=498 val=-0.9997054934501648 dtype=torch.float32
  [gamma.grad] step=499 val=-0.9994154572486877 dtype=torch.float32
  [gamma.grad] step=500 val=-0.9998002648353577 dtype=torch.float32
[step 500] loss=3.6157 sigma_Wh=0.6992 sigma_Wc=0.7487 holds=True lambda=0.503 gamma=4.9018e-02 (406.5s)
  [gamma.grad] step=501 val=-0.28862109780311584 dtype=torch.float32
  [gamma.grad] step=502 val=0.995400071144104 dtype=torch.float32
  [gamma.grad] step=503 val=-0.09322935342788696 dtype=torch.float32
  [gamma.grad] step=504 val=-0.937264621257782 dtype=torch.float32
  [gamma.grad] step=505 val=-0.12788566946983337 dtype=torch.float32
  [gamma.grad] step=506 val=-0.6209183931350708 dtype=torch.float32
  [gamma.grad] step=507 val=-0.9987462759017944 dtype=torch.float32
  [gamma.grad] step=508 val=-0.9998424053192139 dtype=torch.float32
  [gamma.grad] step=509 val=0.5654672384262085 dtype=torch.float32
  [gamma.grad] step=510 val=-0.9983751177787781 dtype=torch.float32
[step 510] loss=3.2533 sigma_Wh=0.6992 sigma_Wc=0.7487 holds=True lambda=0.503 gamma=4.9666e-02 (414.6s)
  [gamma.grad] step=511 val=-0.9993776082992554 dtype=torch.float32
  [gamma.grad] step=512 val=0.9983932375907898 dtype=torch.float32
  [gamma.grad] step=513 val=-0.9991996884346008 dtype=torch.float32
  [gamma.grad] step=514 val=-0.9996861815452576 dtype=torch.float32
  [gamma.grad] step=515 val=0.6114617586135864 dtype=torch.float32
  [gamma.grad] step=516 val=-0.9799550771713257 dtype=torch.float32
  [gamma.grad] step=517 val=-0.9989336729049683 dtype=torch.float32
  [gamma.grad] step=518 val=0.8245934247970581 dtype=torch.float32
  [gamma.grad] step=519 val=-0.6360364556312561 dtype=torch.float32
  [gamma.grad] step=520 val=0.4495335817337036 dtype=torch.float32
[step 520] loss=2.8272 sigma_Wh=0.6992 sigma_Wc=0.7487 holds=True lambda=0.503 gamma=5.0210e-02 (422.8s)
  [gamma.grad] step=521 val=-0.6426791548728943 dtype=torch.float32
  [gamma.grad] step=522 val=-0.9999383687973022 dtype=torch.float32
  [gamma.grad] step=523 val=-0.5305545926094055 dtype=torch.float32
  [gamma.grad] step=524 val=-0.9997584223747253 dtype=torch.float32
  [gamma.grad] step=525 val=-0.9998769164085388 dtype=torch.float32
  [gamma.grad] step=526 val=0.9982278943061829 dtype=torch.float32
  [gamma.grad] step=527 val=0.7500461339950562 dtype=torch.float32
  [gamma.grad] step=528 val=-0.5487505793571472 dtype=torch.float32
  [gamma.grad] step=529 val=-0.6703848838806152 dtype=torch.float32
  [gamma.grad] step=530 val=0.39647960662841797 dtype=torch.float32
[step 530] loss=2.5526 sigma_Wh=0.6992 sigma_Wc=0.7488 holds=True lambda=0.503 gamma=5.0666e-02 (430.9s)
  [gamma.grad] step=531 val=-0.6945321559906006 dtype=torch.float32
  [gamma.grad] step=532 val=-0.9989190101623535 dtype=torch.float32
  [gamma.grad] step=533 val=-0.736639142036438 dtype=torch.float32
  [gamma.grad] step=534 val=-0.9944323301315308 dtype=torch.float32
  [gamma.grad] step=535 val=-0.999851405620575 dtype=torch.float32
  [gamma.grad] step=536 val=-0.9987483620643616 dtype=torch.float32
  [gamma.grad] step=537 val=0.9973740577697754 dtype=torch.float32
  [gamma.grad] step=538 val=-0.9997073411941528 dtype=torch.float32
  [gamma.grad] step=539 val=-0.9998742938041687 dtype=torch.float32
  [gamma.grad] step=540 val=0.9993560314178467 dtype=torch.float32
[step 540] loss=1.8535 sigma_Wh=0.6991 sigma_Wc=0.7488 holds=True lambda=0.503 gamma=5.1196e-02 (439.0s)
  [gamma.grad] step=541 val=-0.9996585249900818 dtype=torch.float32
  [gamma.grad] step=542 val=-0.9998146891593933 dtype=torch.float32
  [gamma.grad] step=543 val=-0.9953712821006775 dtype=torch.float32
  [gamma.grad] step=544 val=-0.4043806195259094 dtype=torch.float32
  [gamma.grad] step=545 val=0.3422014117240906 dtype=torch.float32
  [gamma.grad] step=546 val=0.9988093972206116 dtype=torch.float32
  [gamma.grad] step=547 val=0.996889054775238 dtype=torch.float32
  [gamma.grad] step=548 val=-0.9996230602264404 dtype=torch.float32
  [gamma.grad] step=549 val=-0.9996387958526611 dtype=torch.float32
  [gamma.grad] step=550 val=-0.9988447427749634 dtype=torch.float32
[step 550] loss=4.2010 sigma_Wh=0.6992 sigma_Wc=0.7487 holds=True lambda=0.503 gamma=5.1657e-02 (447.2s)
  [gamma.grad] step=551 val=0.2078174352645874 dtype=torch.float32
  [gamma.grad] step=552 val=0.7027838230133057 dtype=torch.float32
  [gamma.grad] step=553 val=-0.1335328370332718 dtype=torch.float32
  [gamma.grad] step=554 val=-0.9998093843460083 dtype=torch.float32
  [gamma.grad] step=555 val=-0.9966511130332947 dtype=torch.float32
  [gamma.grad] step=556 val=-0.9981484413146973 dtype=torch.float32
  [gamma.grad] step=557 val=-0.9989764094352722 dtype=torch.float32
  [gamma.grad] step=558 val=-0.995479166507721 dtype=torch.float32
  [gamma.grad] step=559 val=-0.9996196031570435 dtype=torch.float32
  [gamma.grad] step=560 val=-0.9996635317802429 dtype=torch.float32
[step 560] loss=1.0042 sigma_Wh=0.6992 sigma_Wc=0.7487 holds=True lambda=0.503 gamma=5.2146e-02 (455.3s)
  [gamma.grad] step=561 val=-0.9272341728210449 dtype=torch.float32
  [gamma.grad] step=562 val=-0.9964905977249146 dtype=torch.float32
  [gamma.grad] step=563 val=-0.9982163906097412 dtype=torch.float32
  [gamma.grad] step=564 val=-0.999630868434906 dtype=torch.float32
  [gamma.grad] step=565 val=-0.9996516108512878 dtype=torch.float32
  [gamma.grad] step=566 val=0.6500660181045532 dtype=torch.float32
  [gamma.grad] step=567 val=-0.882612407207489 dtype=torch.float32
  [gamma.grad] step=568 val=-0.5213176012039185 dtype=torch.float32
  [gamma.grad] step=569 val=-0.5279895067214966 dtype=torch.float32
  [gamma.grad] step=570 val=-0.9998258352279663 dtype=torch.float32
[step 570] loss=0.6098 sigma_Wh=0.6992 sigma_Wc=0.7488 holds=True lambda=0.503 gamma=5.2954e-02 (463.4s)
  [gamma.grad] step=571 val=0.9989566802978516 dtype=torch.float32
  [gamma.grad] step=572 val=-0.17294475436210632 dtype=torch.float32
  [gamma.grad] step=573 val=-0.31827878952026367 dtype=torch.float32
  [gamma.grad] step=574 val=-0.9998291730880737 dtype=torch.float32
  [gamma.grad] step=575 val=-0.9996031522750854 dtype=torch.float32
  [gamma.grad] step=576 val=-0.9993306398391724 dtype=torch.float32
  [gamma.grad] step=577 val=0.9992047548294067 dtype=torch.float32
  [gamma.grad] step=578 val=0.671822726726532 dtype=torch.float32
  [gamma.grad] step=579 val=0.9980707764625549 dtype=torch.float32
  [gamma.grad] step=580 val=0.9994260668754578 dtype=torch.float32
[step 580] loss=2.1081 sigma_Wh=0.6992 sigma_Wc=0.7488 holds=True lambda=0.503 gamma=5.3445e-02 (471.6s)
  [gamma.grad] step=581 val=0.9976909756660461 dtype=torch.float32
  [gamma.grad] step=582 val=-0.99970543384552 dtype=torch.float32
  [gamma.grad] step=583 val=0.5921770334243774 dtype=torch.float32
  [gamma.grad] step=584 val=-0.9998776316642761 dtype=torch.float32
  [gamma.grad] step=585 val=-0.9969053268432617 dtype=torch.float32
  [gamma.grad] step=586 val=-0.9982090592384338 dtype=torch.float32
  [gamma.grad] step=587 val=-0.9998754262924194 dtype=torch.float32
  [gamma.grad] step=588 val=-0.926188588142395 dtype=torch.float32
  [gamma.grad] step=589 val=-0.430791437625885 dtype=torch.float32
  [gamma.grad] step=590 val=-0.9583640694618225 dtype=torch.float32
[step 590] loss=2.3439 sigma_Wh=0.6992 sigma_Wc=0.7488 holds=True lambda=0.503 gamma=5.3711e-02 (479.7s)
  [gamma.grad] step=591 val=-0.991306483745575 dtype=torch.float32
  [gamma.grad] step=592 val=-0.8461709022521973 dtype=torch.float32
  [gamma.grad] step=593 val=-0.9979337453842163 dtype=torch.float32
  [gamma.grad] step=594 val=-0.36314070224761963 dtype=torch.float32
  [gamma.grad] step=595 val=-0.999695897102356 dtype=torch.float32
  [gamma.grad] step=596 val=0.1601165235042572 dtype=torch.float32
  [gamma.grad] step=597 val=0.8304826021194458 dtype=torch.float32
  [gamma.grad] step=598 val=-0.5993838310241699 dtype=torch.float32
  [gamma.grad] step=599 val=0.15364044904708862 dtype=torch.float32
  [gamma.grad] step=600 val=-0.3148511052131653 dtype=torch.float32
[step 600] loss=1.3306 sigma_Wh=0.6992 sigma_Wc=0.7488 holds=True lambda=0.503 gamma=5.4292e-02 (487.8s)
[ckpt] runs/stage1_hybrid/ckpt_600.pt
  [gamma.grad] step=601 val=-0.999616265296936 dtype=torch.float32
  [gamma.grad] step=602 val=0.9966593384742737 dtype=torch.float32
  [gamma.grad] step=603 val=-0.9957967400550842 dtype=torch.float32
  [gamma.grad] step=604 val=-0.995836079120636 dtype=torch.float32
  [gamma.grad] step=605 val=-0.999860405921936 dtype=torch.float32
  [gamma.grad] step=606 val=-0.9998879432678223 dtype=torch.float32
  [gamma.grad] step=607 val=-0.9999279379844666 dtype=torch.float32
  [gamma.grad] step=608 val=-0.9988393783569336 dtype=torch.float32
  [gamma.grad] step=609 val=-0.1392468810081482 dtype=torch.float32
  [gamma.grad] step=610 val=0.9951081871986389 dtype=torch.float32
[step 610] loss=2.0116 sigma_Wh=0.6991 sigma_Wc=0.7489 holds=True lambda=0.504 gamma=5.4842e-02 (498.6s)
  [gamma.grad] step=611 val=-0.35926908254623413 dtype=torch.float32
  [gamma.grad] step=612 val=-0.041114240884780884 dtype=torch.float32
  [gamma.grad] step=613 val=-0.9992998838424683 dtype=torch.float32
  [gamma.grad] step=614 val=-0.9985876679420471 dtype=torch.float32
  [gamma.grad] step=615 val=-0.9973828196525574 dtype=torch.float32
  [gamma.grad] step=616 val=-0.9991998076438904 dtype=torch.float32
  [gamma.grad] step=617 val=-0.9985851645469666 dtype=torch.float32
  [gamma.grad] step=618 val=0.9952637553215027 dtype=torch.float32
  [gamma.grad] step=619 val=-0.9998929500579834 dtype=torch.float32
  [gamma.grad] step=620 val=0.9924424886703491 dtype=torch.float32
[step 620] loss=4.9744 sigma_Wh=0.6991 sigma_Wc=0.7489 holds=True lambda=0.504 gamma=5.5410e-02 (506.1s)
  [gamma.grad] step=621 val=0.7064212560653687 dtype=torch.float32
  [gamma.grad] step=622 val=0.9005300998687744 dtype=torch.float32
  [gamma.grad] step=623 val=-0.8801443576812744 dtype=torch.float32
  [gamma.grad] step=624 val=-0.999890923500061 dtype=torch.float32
  [gamma.grad] step=625 val=0.9984700083732605 dtype=torch.float32
  [gamma.grad] step=626 val=-0.0876242071390152 dtype=torch.float32
  [gamma.grad] step=627 val=-0.9985226392745972 dtype=torch.float32
  [gamma.grad] step=628 val=-0.9980985522270203 dtype=torch.float32
  [gamma.grad] step=629 val=-0.9974160194396973 dtype=torch.float32
  [gamma.grad] step=630 val=-0.9998956322669983 dtype=torch.float32
[step 630] loss=1.9022 sigma_Wh=0.6991 sigma_Wc=0.7489 holds=True lambda=0.504 gamma=5.5722e-02 (513.9s)
  [gamma.grad] step=631 val=0.8932971358299255 dtype=torch.float32
  [gamma.grad] step=632 val=-0.9990615248680115 dtype=torch.float32
  [gamma.grad] step=633 val=-0.9966065287590027 dtype=torch.float32
  [gamma.grad] step=634 val=0.6259231567382812 dtype=torch.float32
  [gamma.grad] step=635 val=-0.9959368109703064 dtype=torch.float32
  [gamma.grad] step=636 val=-0.6603294610977173 dtype=torch.float32
  [gamma.grad] step=637 val=-0.3131951093673706 dtype=torch.float32
  [gamma.grad] step=638 val=-0.9993048906326294 dtype=torch.float32
  [gamma.grad] step=639 val=-0.9987210035324097 dtype=torch.float32
  [gamma.grad] step=640 val=0.5181623697280884 dtype=torch.float32
[step 640] loss=2.8661 sigma_Wh=0.6991 sigma_Wc=0.7490 holds=True lambda=0.504 gamma=5.6211e-02 (521.9s)
  [gamma.grad] step=641 val=-0.5888381004333496 dtype=torch.float32
  [gamma.grad] step=642 val=0.9970167279243469 dtype=torch.float32
  [gamma.grad] step=643 val=-0.12504999339580536 dtype=torch.float32
  [gamma.grad] step=644 val=0.338833212852478 dtype=torch.float32
  [gamma.grad] step=645 val=0.9841490387916565 dtype=torch.float32
  [gamma.grad] step=646 val=-0.9998826384544373 dtype=torch.float32
  [gamma.grad] step=647 val=0.24879911541938782 dtype=torch.float32
  [gamma.grad] step=648 val=-0.9964768886566162 dtype=torch.float32
  [gamma.grad] step=649 val=0.9977862238883972 dtype=torch.float32
  [gamma.grad] step=650 val=-0.4267312288284302 dtype=torch.float32
[step 650] loss=1.5089 sigma_Wh=0.6992 sigma_Wc=0.7490 holds=True lambda=0.504 gamma=5.6463e-02 (529.5s)
  [gamma.grad] step=651 val=0.9919180274009705 dtype=torch.float32
  [gamma.grad] step=652 val=-0.9964087605476379 dtype=torch.float32
  [gamma.grad] step=653 val=0.999255895614624 dtype=torch.float32
  [gamma.grad] step=654 val=-0.9987673759460449 dtype=torch.float32
  [gamma.grad] step=655 val=-0.9982317686080933 dtype=torch.float32
  [gamma.grad] step=656 val=0.5864722728729248 dtype=torch.float32
  [gamma.grad] step=657 val=-0.9969226717948914 dtype=torch.float32
  [gamma.grad] step=658 val=-0.19602900743484497 dtype=torch.float32
  [gamma.grad] step=659 val=0.3040505647659302 dtype=torch.float32
  [gamma.grad] step=660 val=-0.28393667936325073 dtype=torch.float32
[step 660] loss=1.8693 sigma_Wh=0.6992 sigma_Wc=0.7490 holds=True lambda=0.504 gamma=5.6619e-02 (537.0s)
  [gamma.grad] step=661 val=-0.9989273548126221 dtype=torch.float32
  [gamma.grad] step=662 val=-0.6559997200965881 dtype=torch.float32
  [gamma.grad] step=663 val=-0.9997925162315369 dtype=torch.float32
  [gamma.grad] step=664 val=0.9974931478500366 dtype=torch.float32
  [gamma.grad] step=665 val=-0.8911924362182617 dtype=torch.float32
  [gamma.grad] step=666 val=0.9995934367179871 dtype=torch.float32
  [gamma.grad] step=667 val=0.4017305374145508 dtype=torch.float32
  [gamma.grad] step=668 val=-0.714501142501831 dtype=torch.float32
  [gamma.grad] step=669 val=-0.9987701177597046 dtype=torch.float32
  [gamma.grad] step=670 val=-0.523744523525238 dtype=torch.float32
[step 670] loss=2.4909 sigma_Wh=0.6993 sigma_Wc=0.7490 holds=True lambda=0.504 gamma=5.6901e-02 (544.6s)
  [gamma.grad] step=671 val=0.996301531791687 dtype=torch.float32
  [gamma.grad] step=672 val=-0.9930174350738525 dtype=torch.float32
  [gamma.grad] step=673 val=-0.9986342787742615 dtype=torch.float32
  [gamma.grad] step=674 val=-0.9997506737709045 dtype=torch.float32
  [gamma.grad] step=675 val=-0.7138034105300903 dtype=torch.float32
  [gamma.grad] step=676 val=-0.9994803071022034 dtype=torch.float32
  [gamma.grad] step=677 val=-0.16247308254241943 dtype=torch.float32
  [gamma.grad] step=678 val=-0.4670238494873047 dtype=torch.float32
  [gamma.grad] step=679 val=-0.9981580972671509 dtype=torch.float32
  [gamma.grad] step=680 val=0.9987655878067017 dtype=torch.float32
[step 680] loss=1.8470 sigma_Wh=0.6992 sigma_Wc=0.7490 holds=True lambda=0.504 gamma=5.7338e-02 (552.3s)
  [gamma.grad] step=681 val=-0.4125032126903534 dtype=torch.float32
  [gamma.grad] step=682 val=-0.9991442561149597 dtype=torch.float32
  [gamma.grad] step=683 val=0.8840364217758179 dtype=torch.float32
  [gamma.grad] step=684 val=0.9990488290786743 dtype=torch.float32
  [gamma.grad] step=685 val=0.16884592175483704 dtype=torch.float32
  [gamma.grad] step=686 val=-0.9993495345115662 dtype=torch.float32
  [gamma.grad] step=687 val=-0.41317641735076904 dtype=torch.float32
  [gamma.grad] step=688 val=0.6359918713569641 dtype=torch.float32
  [gamma.grad] step=689 val=-0.9995217323303223 dtype=torch.float32
  [gamma.grad] step=690 val=-0.5341148376464844 dtype=torch.float32
[step 690] loss=1.7323 sigma_Wh=0.6992 sigma_Wc=0.7490 holds=True lambda=0.504 gamma=5.7628e-02 (559.9s)
  [gamma.grad] step=691 val=-0.3978748321533203 dtype=torch.float32
  [gamma.grad] step=692 val=0.9987097978591919 dtype=torch.float32
  [gamma.grad] step=693 val=0.9935323596000671 dtype=torch.float32
  [gamma.grad] step=694 val=0.38611507415771484 dtype=torch.float32
  [gamma.grad] step=695 val=-0.9994198679924011 dtype=torch.float32
  [gamma.grad] step=696 val=-0.9984474778175354 dtype=torch.float32
  [gamma.grad] step=697 val=-0.9875927567481995 dtype=torch.float32
  [gamma.grad] step=698 val=0.2205274999141693 dtype=torch.float32
  [gamma.grad] step=699 val=-0.5807595252990723 dtype=torch.float32
  [gamma.grad] step=700 val=-0.9997245073318481 dtype=torch.float32
[step 700] loss=3.7612 sigma_Wh=0.6991 sigma_Wc=0.7490 holds=True lambda=0.504 gamma=5.7840e-02 (567.6s)
  [gamma.grad] step=701 val=-0.6940457224845886 dtype=torch.float32
  [gamma.grad] step=702 val=-0.9996934533119202 dtype=torch.float32
  [gamma.grad] step=703 val=-0.9993616342544556 dtype=torch.float32
  [gamma.grad] step=704 val=-0.9955558180809021 dtype=torch.float32
  [gamma.grad] step=705 val=-0.46847397089004517 dtype=torch.float32
  [gamma.grad] step=706 val=-0.9994466304779053 dtype=torch.float32
  [gamma.grad] step=707 val=0.9992532134056091 dtype=torch.float32
  [gamma.grad] step=708 val=-0.9963470101356506 dtype=torch.float32
  [gamma.grad] step=709 val=0.0766078531742096 dtype=torch.float32
  [gamma.grad] step=710 val=-0.9846562743186951 dtype=torch.float32
[step 710] loss=2.4760 sigma_Wh=0.6992 sigma_Wc=0.7490 holds=True lambda=0.504 gamma=5.8398e-02 (575.1s)
  [gamma.grad] step=711 val=0.1293688416481018 dtype=torch.float32
  [gamma.grad] step=712 val=-0.9961755275726318 dtype=torch.float32
  [gamma.grad] step=713 val=0.8929735422134399 dtype=torch.float32
  [gamma.grad] step=714 val=0.5142439007759094 dtype=torch.float32
  [gamma.grad] step=715 val=0.9983034133911133 dtype=torch.float32
  [gamma.grad] step=716 val=0.18529149889945984 dtype=torch.float32
  [gamma.grad] step=717 val=-0.9978471398353577 dtype=torch.float32
  [gamma.grad] step=718 val=-0.9997586607933044 dtype=torch.float32
  [gamma.grad] step=719 val=-0.9973660707473755 dtype=torch.float32
  [gamma.grad] step=720 val=-0.9952465891838074 dtype=torch.float32
[step 720] loss=1.9468 sigma_Wh=0.6991 sigma_Wc=0.7490 holds=True lambda=0.504 gamma=5.8742e-02 (582.7s)
  [gamma.grad] step=721 val=0.9990577697753906 dtype=torch.float32
  [gamma.grad] step=722 val=-0.5126000642776489 dtype=torch.float32
  [gamma.grad] step=723 val=-0.36422982811927795 dtype=torch.float32
  [gamma.grad] step=724 val=-0.1568261981010437 dtype=torch.float32
  [gamma.grad] step=725 val=0.9975786805152893 dtype=torch.float32
  [gamma.grad] step=726 val=-0.23609891533851624 dtype=torch.float32
  [gamma.grad] step=727 val=0.7185708284378052 dtype=torch.float32
  [gamma.grad] step=728 val=0.9987720251083374 dtype=torch.float32
  [gamma.grad] step=729 val=0.9978280663490295 dtype=torch.float32
  [gamma.grad] step=730 val=-0.9956855177879333 dtype=torch.float32
[step 730] loss=0.6895 sigma_Wh=0.6992 sigma_Wc=0.7490 holds=True lambda=0.504 gamma=5.8903e-02 (590.2s)
  [gamma.grad] step=731 val=0.9992994070053101 dtype=torch.float32
  [gamma.grad] step=732 val=-0.9994451403617859 dtype=torch.float32
  [gamma.grad] step=733 val=0.7664411664009094 dtype=torch.float32
  [gamma.grad] step=734 val=-0.9569329619407654 dtype=torch.float32
  [gamma.grad] step=735 val=0.9957565069198608 dtype=torch.float32
  [gamma.grad] step=736 val=0.9969350695610046 dtype=torch.float32
  [gamma.grad] step=737 val=-0.9862930774688721 dtype=torch.float32
  [gamma.grad] step=738 val=0.9993873238563538 dtype=torch.float32
  [gamma.grad] step=739 val=-0.9869287014007568 dtype=torch.float32
  [gamma.grad] step=740 val=0.835354208946228 dtype=torch.float32
[step 740] loss=2.6507 sigma_Wh=0.6992 sigma_Wc=0.7490 holds=True lambda=0.504 gamma=5.8811e-02 (597.7s)
  [gamma.grad] step=741 val=-0.1371050775051117 dtype=torch.float32
  [gamma.grad] step=742 val=0.045360028743743896 dtype=torch.float32
  [gamma.grad] step=743 val=-0.6172029972076416 dtype=torch.float32
  [gamma.grad] step=744 val=-0.9994936585426331 dtype=torch.float32
  [gamma.grad] step=745 val=-0.9986770153045654 dtype=torch.float32
  [gamma.grad] step=746 val=0.11578607559204102 dtype=torch.float32
  [gamma.grad] step=747 val=-0.9941462278366089 dtype=torch.float32
  [gamma.grad] step=748 val=0.9977340698242188 dtype=torch.float32
  [gamma.grad] step=749 val=0.9989229440689087 dtype=torch.float32
  [gamma.grad] step=750 val=-0.9990524649620056 dtype=torch.float32
[step 750] loss=1.6083 sigma_Wh=0.6992 sigma_Wc=0.7490 holds=True lambda=0.504 gamma=5.8890e-02 (605.4s)
  [gamma.grad] step=751 val=-0.9965558052062988 dtype=torch.float32
  [gamma.grad] step=752 val=0.5826390981674194 dtype=torch.float32
  [gamma.grad] step=753 val=-0.3218008279800415 dtype=torch.float32
  [gamma.grad] step=754 val=-0.9943438172340393 dtype=torch.float32
  [gamma.grad] step=755 val=-0.10115599632263184 dtype=torch.float32
  [gamma.grad] step=756 val=-0.9998366832733154 dtype=torch.float32
  [gamma.grad] step=757 val=0.9955012202262878 dtype=torch.float32
  [gamma.grad] step=758 val=-0.7744118571281433 dtype=torch.float32
  [gamma.grad] step=759 val=-0.9996859431266785 dtype=torch.float32
  [gamma.grad] step=760 val=0.13608066737651825 dtype=torch.float32
[step 760] loss=2.5064 sigma_Wh=0.6992 sigma_Wc=0.7489 holds=True lambda=0.504 gamma=5.9136e-02 (612.9s)
  [gamma.grad] step=761 val=0.46715304255485535 dtype=torch.float32
  [gamma.grad] step=762 val=-0.3651759922504425 dtype=torch.float32
  [gamma.grad] step=763 val=-0.36544615030288696 dtype=torch.float32
  [gamma.grad] step=764 val=-0.9998382329940796 dtype=torch.float32
  [gamma.grad] step=765 val=-0.9996768832206726 dtype=torch.float32
  [gamma.grad] step=766 val=-0.9918369054794312 dtype=torch.float32
  [gamma.grad] step=767 val=0.9945632815361023 dtype=torch.float32
  [gamma.grad] step=768 val=-0.9934219717979431 dtype=torch.float32
  [gamma.grad] step=769 val=-0.657351016998291 dtype=torch.float32
  [gamma.grad] step=770 val=-0.9995755553245544 dtype=torch.float32
[step 770] loss=1.2819 sigma_Wh=0.6991 sigma_Wc=0.7489 holds=True lambda=0.504 gamma=5.9512e-02 (620.5s)
  [gamma.grad] step=771 val=-0.9977996349334717 dtype=torch.float32
  [gamma.grad] step=772 val=0.03268784284591675 dtype=torch.float32
  [gamma.grad] step=773 val=-0.9971092939376831 dtype=torch.float32
  [gamma.grad] step=774 val=0.9993042349815369 dtype=torch.float32
  [gamma.grad] step=775 val=0.9991135001182556 dtype=torch.float32
  [gamma.grad] step=776 val=-0.20751389861106873 dtype=torch.float32
  [gamma.grad] step=777 val=-0.9827651381492615 dtype=torch.float32
  [gamma.grad] step=778 val=0.21800673007965088 dtype=torch.float32
  [gamma.grad] step=779 val=-0.997157871723175 dtype=torch.float32
  [gamma.grad] step=780 val=-0.9984852075576782 dtype=torch.float32
[step 780] loss=1.1223 sigma_Wh=0.6992 sigma_Wc=0.7489 holds=True lambda=0.504 gamma=5.9925e-02 (628.1s)
  [gamma.grad] step=781 val=-0.28985607624053955 dtype=torch.float32
  [gamma.grad] step=782 val=-0.9958921074867249 dtype=torch.float32
  [gamma.grad] step=783 val=-0.9882906675338745 dtype=torch.float32
  [gamma.grad] step=784 val=-0.991236686706543 dtype=torch.float32
  [gamma.grad] step=785 val=-0.99285489320755 dtype=torch.float32
  [gamma.grad] step=786 val=0.9964126944541931 dtype=torch.float32
  [gamma.grad] step=787 val=-0.9992743134498596 dtype=torch.float32
  [gamma.grad] step=788 val=-0.673047661781311 dtype=torch.float32
  [gamma.grad] step=789 val=-0.6162545084953308 dtype=torch.float32
  [gamma.grad] step=790 val=0.9977319240570068 dtype=torch.float32
[step 790] loss=4.2300 sigma_Wh=0.6993 sigma_Wc=0.7489 holds=True lambda=0.504 gamma=6.0488e-02 (635.7s)
  [gamma.grad] step=791 val=-0.9994370937347412 dtype=torch.float32
  [gamma.grad] step=792 val=0.70847487449646 dtype=torch.float32
  [gamma.grad] step=793 val=-0.22547996044158936 dtype=torch.float32
  [gamma.grad] step=794 val=0.5093424320220947 dtype=torch.float32
  [gamma.grad] step=795 val=-0.9960395097732544 dtype=torch.float32
  [gamma.grad] step=796 val=0.9980354309082031 dtype=torch.float32
  [gamma.grad] step=797 val=-0.9993072748184204 dtype=torch.float32
  [gamma.grad] step=798 val=0.9988963007926941 dtype=torch.float32
  [gamma.grad] step=799 val=-0.996903657913208 dtype=torch.float32
  [gamma.grad] step=800 val=-0.5093572735786438 dtype=torch.float32
[step 800] loss=2.2286 sigma_Wh=0.6993 sigma_Wc=0.7489 holds=True lambda=0.504 gamma=6.0795e-02 (643.3s)
[ckpt] runs/stage1_hybrid/ckpt_800.pt
  [gamma.grad] step=801 val=-0.9992977380752563 dtype=torch.float32
  [gamma.grad] step=802 val=-0.9993284344673157 dtype=torch.float32
  [gamma.grad] step=803 val=-0.9986762404441833 dtype=torch.float32
  [gamma.grad] step=804 val=0.44697946310043335 dtype=torch.float32
  [gamma.grad] step=805 val=-0.9855943322181702 dtype=torch.float32
  [gamma.grad] step=806 val=-0.5012629628181458 dtype=torch.float32
  [gamma.grad] step=807 val=-0.9942930340766907 dtype=torch.float32
  [gamma.grad] step=808 val=0.06254788488149643 dtype=torch.float32
  [gamma.grad] step=809 val=0.9988441467285156 dtype=torch.float32
  [gamma.grad] step=810 val=0.9988893270492554 dtype=torch.float32
[step 810] loss=1.7800 sigma_Wh=0.6993 sigma_Wc=0.7489 holds=True lambda=0.504 gamma=6.1238e-02 (654.3s)
  [gamma.grad] step=811 val=0.9859120845794678 dtype=torch.float32
  [gamma.grad] step=812 val=-0.09334507584571838 dtype=torch.float32
  [gamma.grad] step=813 val=0.9985541701316833 dtype=torch.float32
  [gamma.grad] step=814 val=0.05989137291908264 dtype=torch.float32
  [gamma.grad] step=815 val=-0.9997550845146179 dtype=torch.float32
  [gamma.grad] step=816 val=0.19852767884731293 dtype=torch.float32
  [gamma.grad] step=817 val=-0.9998453855514526 dtype=torch.float32
  [gamma.grad] step=818 val=-0.998539388179779 dtype=torch.float32
  [gamma.grad] step=819 val=0.7984766960144043 dtype=torch.float32
  [gamma.grad] step=820 val=-0.9938816428184509 dtype=torch.float32
[step 820] loss=3.8511 sigma_Wh=0.6994 sigma_Wc=0.7489 holds=True lambda=0.504 gamma=6.1321e-02 (661.9s)
  [gamma.grad] step=821 val=-0.9980645179748535 dtype=torch.float32
  [gamma.grad] step=822 val=-0.9997280240058899 dtype=torch.float32
  [gamma.grad] step=823 val=0.9966173768043518 dtype=torch.float32
  [gamma.grad] step=824 val=-0.999864399433136 dtype=torch.float32
  [gamma.grad] step=825 val=0.9979515671730042 dtype=torch.float32
  [gamma.grad] step=826 val=0.4099755883216858 dtype=torch.float32
  [gamma.grad] step=827 val=-0.8404361605644226 dtype=torch.float32
  [gamma.grad] step=828 val=-0.9927639365196228 dtype=torch.float32
  [gamma.grad] step=829 val=-0.9254074096679688 dtype=torch.float32
  [gamma.grad] step=830 val=-0.8139986395835876 dtype=torch.float32
[step 830] loss=2.2432 sigma_Wh=0.6993 sigma_Wc=0.7489 holds=True lambda=0.504 gamma=6.1624e-02 (669.5s)
  [gamma.grad] step=831 val=-0.9967712759971619 dtype=torch.float32
  [gamma.grad] step=832 val=-0.9974517822265625 dtype=torch.float32
  [gamma.grad] step=833 val=-0.9998979568481445 dtype=torch.float32
  [gamma.grad] step=834 val=-0.059539198875427246 dtype=torch.float32
  [gamma.grad] step=835 val=0.7004914879798889 dtype=torch.float32
  [gamma.grad] step=836 val=0.5425582528114319 dtype=torch.float32
  [gamma.grad] step=837 val=0.9986874461174011 dtype=torch.float32
  [gamma.grad] step=838 val=-0.9955112934112549 dtype=torch.float32
  [gamma.grad] step=839 val=0.9924997687339783 dtype=torch.float32
  [gamma.grad] step=840 val=-0.21070212125778198 dtype=torch.float32
[step 840] loss=1.8428 sigma_Wh=0.6994 sigma_Wc=0.7489 holds=True lambda=0.504 gamma=6.2012e-02 (677.0s)
  [gamma.grad] step=841 val=-0.12052856385707855 dtype=torch.float32
  [gamma.grad] step=842 val=0.9994414448738098 dtype=torch.float32
  [gamma.grad] step=843 val=0.24675965309143066 dtype=torch.float32
  [gamma.grad] step=844 val=0.5330950021743774 dtype=torch.float32
  [gamma.grad] step=845 val=-0.9377678036689758 dtype=torch.float32
  [gamma.grad] step=846 val=-0.9883180856704712 dtype=torch.float32
  [gamma.grad] step=847 val=-0.4674605429172516 dtype=torch.float32
  [gamma.grad] step=848 val=-0.9942852258682251 dtype=torch.float32
  [gamma.grad] step=849 val=-0.9862149953842163 dtype=torch.float32
  [gamma.grad] step=850 val=0.9982717633247375 dtype=torch.float32
[step 850] loss=3.1169 sigma_Wh=0.6993 sigma_Wc=0.7489 holds=True lambda=0.504 gamma=6.2148e-02 (684.5s)
  [gamma.grad] step=851 val=-0.45672178268432617 dtype=torch.float32
  [gamma.grad] step=852 val=-0.8701056838035583 dtype=torch.float32
  [gamma.grad] step=853 val=0.0019307732582092285 dtype=torch.float32
  [gamma.grad] step=854 val=-0.9959148168563843 dtype=torch.float32
  [gamma.grad] step=855 val=0.9990822076797485 dtype=torch.float32
  [gamma.grad] step=856 val=-0.07568652927875519 dtype=torch.float32
  [gamma.grad] step=857 val=0.6198046207427979 dtype=torch.float32
  [gamma.grad] step=858 val=-0.993259072303772 dtype=torch.float32
  [gamma.grad] step=859 val=0.9991306066513062 dtype=torch.float32
  [gamma.grad] step=860 val=-0.9901373982429504 dtype=torch.float32
[step 860] loss=2.2471 sigma_Wh=0.6992 sigma_Wc=0.7489 holds=True lambda=0.504 gamma=6.2384e-02 (692.3s)
  [gamma.grad] step=861 val=-0.9991251230239868 dtype=torch.float32
  [gamma.grad] step=862 val=-0.9995743632316589 dtype=torch.float32
  [gamma.grad] step=863 val=-0.9912649989128113 dtype=torch.float32
  [gamma.grad] step=864 val=0.9977473020553589 dtype=torch.float32
  [gamma.grad] step=865 val=-0.24612508714199066 dtype=torch.float32
  [gamma.grad] step=866 val=-0.1874716877937317 dtype=torch.float32
  [gamma.grad] step=867 val=-0.9914551973342896 dtype=torch.float32
  [gamma.grad] step=868 val=-0.34209179878234863 dtype=torch.float32
  [gamma.grad] step=869 val=0.999407947063446 dtype=torch.float32
  [gamma.grad] step=870 val=-0.9996877908706665 dtype=torch.float32
[step 870] loss=5.0022 sigma_Wh=0.6992 sigma_Wc=0.7489 holds=True lambda=0.504 gamma=6.2717e-02 (700.1s)
  [gamma.grad] step=871 val=-0.9986522197723389 dtype=torch.float32
  [gamma.grad] step=872 val=0.9996363520622253 dtype=torch.float32
  [gamma.grad] step=873 val=-0.9974093437194824 dtype=torch.float32
  [gamma.grad] step=874 val=0.5125318765640259 dtype=torch.float32
  [gamma.grad] step=875 val=-0.35195493698120117 dtype=torch.float32
  [gamma.grad] step=876 val=0.9984737634658813 dtype=torch.float32
  [gamma.grad] step=877 val=-0.9988232851028442 dtype=torch.float32
  [gamma.grad] step=878 val=0.012314677238464355 dtype=torch.float32
  [gamma.grad] step=879 val=0.9963526725769043 dtype=torch.float32
  [gamma.grad] step=880 val=-0.9989394545555115 dtype=torch.float32
[step 880] loss=4.8688 sigma_Wh=0.6992 sigma_Wc=0.7489 holds=True lambda=0.504 gamma=6.2946e-02 (707.6s)
  [gamma.grad] step=881 val=0.5103851556777954 dtype=torch.float32
  [gamma.grad] step=882 val=0.9990823268890381 dtype=torch.float32
  [gamma.grad] step=883 val=-0.9998154640197754 dtype=torch.float32
  [gamma.grad] step=884 val=0.9994463920593262 dtype=torch.float32
  [gamma.grad] step=885 val=-0.9985840916633606 dtype=torch.float32
  [gamma.grad] step=886 val=-0.9988700747489929 dtype=torch.float32
  [gamma.grad] step=887 val=0.9969449043273926 dtype=torch.float32
  [gamma.grad] step=888 val=-0.9951285123825073 dtype=torch.float32
  [gamma.grad] step=889 val=-0.9980422258377075 dtype=torch.float32
  [gamma.grad] step=890 val=-0.9312713146209717 dtype=torch.float32
[step 890] loss=1.9844 sigma_Wh=0.6992 sigma_Wc=0.7489 holds=True lambda=0.504 gamma=6.3071e-02 (715.1s)
  [gamma.grad] step=891 val=-0.9976359605789185 dtype=torch.float32
  [gamma.grad] step=892 val=-0.9988000988960266 dtype=torch.float32
  [gamma.grad] step=893 val=-0.9989422559738159 dtype=torch.float32
  [gamma.grad] step=894 val=0.32039666175842285 dtype=torch.float32
  [gamma.grad] step=895 val=-0.996021032333374 dtype=torch.float32
  [gamma.grad] step=896 val=0.9988316893577576 dtype=torch.float32
  [gamma.grad] step=897 val=-0.9931862950325012 dtype=torch.float32
  [gamma.grad] step=898 val=-0.6117011308670044 dtype=torch.float32
  [gamma.grad] step=899 val=0.994669497013092 dtype=torch.float32
  [gamma.grad] step=900 val=0.5514441132545471 dtype=torch.float32
[step 900] loss=2.4606 sigma_Wh=0.6992 sigma_Wc=0.7489 holds=True lambda=0.504 gamma=6.3513e-02 (722.6s)
  [gamma.grad] step=901 val=-0.9989566802978516 dtype=torch.float32
  [gamma.grad] step=902 val=-0.9995841383934021 dtype=torch.float32
  [gamma.grad] step=903 val=-0.9994385838508606 dtype=torch.float32
  [gamma.grad] step=904 val=0.25664764642715454 dtype=torch.float32
  [gamma.grad] step=905 val=-0.9939295053482056 dtype=torch.float32
  [gamma.grad] step=906 val=0.9985228180885315 dtype=torch.float32
  [gamma.grad] step=907 val=-0.2814340591430664 dtype=torch.float32
  [gamma.grad] step=908 val=0.9968481659889221 dtype=torch.float32
  [gamma.grad] step=909 val=-0.10159134864807129 dtype=torch.float32
  [gamma.grad] step=910 val=-0.32368260622024536 dtype=torch.float32
[step 910] loss=3.0347 sigma_Wh=0.6992 sigma_Wc=0.7489 holds=True lambda=0.504 gamma=6.3835e-02 (730.2s)
  [gamma.grad] step=911 val=-0.9998232126235962 dtype=torch.float32
  [gamma.grad] step=912 val=-0.9936193227767944 dtype=torch.float32
  [gamma.grad] step=913 val=-0.9991760849952698 dtype=torch.float32
  [gamma.grad] step=914 val=-0.9986230731010437 dtype=torch.float32
  [gamma.grad] step=915 val=-0.9913999438285828 dtype=torch.float32
  [gamma.grad] step=916 val=-0.0627138614654541 dtype=torch.float32
  [gamma.grad] step=917 val=-0.9978832006454468 dtype=torch.float32
  [gamma.grad] step=918 val=-0.9992087483406067 dtype=torch.float32
  [gamma.grad] step=919 val=-0.998741626739502 dtype=torch.float32
  [gamma.grad] step=920 val=0.09756021201610565 dtype=torch.float32
[step 920] loss=1.1081 sigma_Wh=0.6993 sigma_Wc=0.7489 holds=True lambda=0.504 gamma=6.4373e-02 (737.7s)
  [gamma.grad] step=921 val=-0.9975628852844238 dtype=torch.float32
  [gamma.grad] step=922 val=0.2137790024280548 dtype=torch.float32
  [gamma.grad] step=923 val=0.9990069270133972 dtype=torch.float32
  [gamma.grad] step=924 val=0.998786211013794 dtype=torch.float32
  [gamma.grad] step=925 val=-0.1662600040435791 dtype=torch.float32
  [gamma.grad] step=926 val=-0.5486024618148804 dtype=torch.float32
  [gamma.grad] step=927 val=0.9985212087631226 dtype=torch.float32
  [gamma.grad] step=928 val=0.9995431303977966 dtype=torch.float32
  [gamma.grad] step=929 val=-0.9998461008071899 dtype=torch.float32
  [gamma.grad] step=930 val=-0.9974914193153381 dtype=torch.float32
[step 930] loss=5.5473 sigma_Wh=0.6993 sigma_Wc=0.7489 holds=True lambda=0.504 gamma=6.4672e-02 (745.1s)
  [gamma.grad] step=931 val=0.7485731840133667 dtype=torch.float32
  [gamma.grad] step=932 val=-0.2769388258457184 dtype=torch.float32
  [gamma.grad] step=933 val=-0.8832781314849854 dtype=torch.float32
  [gamma.grad] step=934 val=-0.9998084306716919 dtype=torch.float32
  [gamma.grad] step=935 val=0.9974133968353271 dtype=torch.float32
  [gamma.grad] step=936 val=0.31107115745544434 dtype=torch.float32
  [gamma.grad] step=937 val=0.9973941445350647 dtype=torch.float32
  [gamma.grad] step=938 val=-0.9995319843292236 dtype=torch.float32
  [gamma.grad] step=939 val=-0.8106260299682617 dtype=torch.float32
  [gamma.grad] step=940 val=-0.9560757279396057 dtype=torch.float32
[step 940] loss=1.9957 sigma_Wh=0.6994 sigma_Wc=0.7489 holds=True lambda=0.504 gamma=6.4843e-02 (752.6s)
  [gamma.grad] step=941 val=0.6473232507705688 dtype=torch.float32
  [gamma.grad] step=942 val=0.6118944883346558 dtype=torch.float32
  [gamma.grad] step=943 val=-0.9979318976402283 dtype=torch.float32
  [gamma.grad] step=944 val=0.44022059440612793 dtype=torch.float32
  [gamma.grad] step=945 val=0.9985118508338928 dtype=torch.float32
  [gamma.grad] step=946 val=0.9978780150413513 dtype=torch.float32
  [gamma.grad] step=947 val=-0.9910199642181396 dtype=torch.float32
  [gamma.grad] step=948 val=-0.9989218711853027 dtype=torch.float32
  [gamma.grad] step=949 val=-0.9988157153129578 dtype=torch.float32
  [gamma.grad] step=950 val=-0.9980228543281555 dtype=torch.float32
[step 950] loss=4.2602 sigma_Wh=0.6995 sigma_Wc=0.7489 holds=True lambda=0.504 gamma=6.4961e-02 (760.1s)
  [gamma.grad] step=951 val=0.9993012547492981 dtype=torch.float32
  [gamma.grad] step=952 val=-0.9995325207710266 dtype=torch.float32
  [gamma.grad] step=953 val=0.4780842065811157 dtype=torch.float32
  [gamma.grad] step=954 val=-0.9970717430114746 dtype=torch.float32
  [gamma.grad] step=955 val=0.9989719986915588 dtype=torch.float32
  [gamma.grad] step=956 val=0.9989672303199768 dtype=torch.float32
  [gamma.grad] step=957 val=0.7532806396484375 dtype=torch.float32
  [gamma.grad] step=958 val=-0.9996902346611023 dtype=torch.float32
  [gamma.grad] step=959 val=-0.8643515110015869 dtype=torch.float32
  [gamma.grad] step=960 val=-0.26079297065734863 dtype=torch.float32
[step 960] loss=3.2925 sigma_Wh=0.6997 sigma_Wc=0.7489 holds=True lambda=0.504 gamma=6.5097e-02 (767.7s)
  [gamma.grad] step=961 val=-0.9998630881309509 dtype=torch.float32
  [gamma.grad] step=962 val=-0.9986146092414856 dtype=torch.float32
  [gamma.grad] step=963 val=-0.9989082217216492 dtype=torch.float32
  [gamma.grad] step=964 val=0.791780948638916 dtype=torch.float32
  [gamma.grad] step=965 val=0.9965428113937378 dtype=torch.float32
  [gamma.grad] step=966 val=-0.9991694092750549 dtype=torch.float32
  [gamma.grad] step=967 val=-0.9954380989074707 dtype=torch.float32
  [gamma.grad] step=968 val=-0.7460404634475708 dtype=torch.float32
  [gamma.grad] step=969 val=-0.9994035363197327 dtype=torch.float32
  [gamma.grad] step=970 val=-0.9988142251968384 dtype=torch.float32
[step 970] loss=1.5125 sigma_Wh=0.6995 sigma_Wc=0.7489 holds=True lambda=0.504 gamma=6.5450e-02 (775.2s)
  [gamma.grad] step=971 val=-0.9951615333557129 dtype=torch.float32
  [gamma.grad] step=972 val=-0.9961092472076416 dtype=torch.float32
  [gamma.grad] step=973 val=-0.9984309673309326 dtype=torch.float32
  [gamma.grad] step=974 val=-0.3651568591594696 dtype=torch.float32
  [gamma.grad] step=975 val=-0.626110851764679 dtype=torch.float32
  [gamma.grad] step=976 val=-0.369899719953537 dtype=torch.float32
  [gamma.grad] step=977 val=-0.9703191518783569 dtype=torch.float32
  [gamma.grad] step=978 val=0.9991894364356995 dtype=torch.float32
  [gamma.grad] step=979 val=-0.9988093376159668 dtype=torch.float32
  [gamma.grad] step=980 val=0.9968995451927185 dtype=torch.float32
[step 980] loss=2.0350 sigma_Wh=0.6992 sigma_Wc=0.7489 holds=True lambda=0.504 gamma=6.6079e-02 (782.7s)
  [gamma.grad] step=981 val=-0.9992827773094177 dtype=torch.float32
  [gamma.grad] step=982 val=-0.4008602499961853 dtype=torch.float32
  [gamma.grad] step=983 val=0.13870686292648315 dtype=torch.float32
  [gamma.grad] step=984 val=0.9983283281326294 dtype=torch.float32
  [gamma.grad] step=985 val=0.9981340765953064 dtype=torch.float32
  [gamma.grad] step=986 val=-0.9939274191856384 dtype=torch.float32
  [gamma.grad] step=987 val=-0.9943832755088806 dtype=torch.float32
  [gamma.grad] step=988 val=0.9960522055625916 dtype=torch.float32
  [gamma.grad] step=989 val=-0.6906499862670898 dtype=torch.float32
  [gamma.grad] step=990 val=0.9989298582077026 dtype=torch.float32
[step 990] loss=2.7482 sigma_Wh=0.6991 sigma_Wc=0.7489 holds=True lambda=0.503 gamma=6.6362e-02 (790.2s)
  [gamma.grad] step=991 val=-0.6233624219894409 dtype=torch.float32
  [gamma.grad] step=992 val=-0.7875280976295471 dtype=torch.float32
  [gamma.grad] step=993 val=0.9959262609481812 dtype=torch.float32
  [gamma.grad] step=994 val=-0.9980506896972656 dtype=torch.float32
  [gamma.grad] step=995 val=-0.9994762539863586 dtype=torch.float32
  [gamma.grad] step=996 val=-0.9964882135391235 dtype=torch.float32
  [gamma.grad] step=997 val=-0.7497648000717163 dtype=torch.float32
  [gamma.grad] step=998 val=0.5140995383262634 dtype=torch.float32
  [gamma.grad] step=999 val=0.22134160995483398 dtype=torch.float32
  [gamma.grad] step=1000 val=-0.9983857274055481 dtype=torch.float32
[step 1000] loss=1.9071 sigma_Wh=0.6990 sigma_Wc=0.7489 holds=True lambda=0.503 gamma=6.6640e-02 (797.7s)
[ckpt] runs/stage1_hybrid/ckpt_1000.pt
  [gamma.grad] step=1001 val=-0.9997941255569458 dtype=torch.float32
  [gamma.grad] step=1002 val=-0.9864431023597717 dtype=torch.float32
  [gamma.grad] step=1003 val=-0.9953028559684753 dtype=torch.float32
  [gamma.grad] step=1004 val=-0.9994460940361023 dtype=torch.float32
  [gamma.grad] step=1005 val=-0.9980512261390686 dtype=torch.float32
  [gamma.grad] step=1006 val=-0.16748839616775513 dtype=torch.float32
  [gamma.grad] step=1007 val=-0.9986615180969238 dtype=torch.float32
  [gamma.grad] step=1008 val=0.1390395313501358 dtype=torch.float32
  [gamma.grad] step=1009 val=-0.9997786283493042 dtype=torch.float32
  [gamma.grad] step=1010 val=0.9982853531837463 dtype=torch.float32
[step 1010] loss=2.1453 sigma_Wh=0.6990 sigma_Wc=0.7489 holds=True lambda=0.503 gamma=6.7238e-02 (808.6s)
  [gamma.grad] step=1011 val=-0.9990283250808716 dtype=torch.float32
  [gamma.grad] step=1012 val=0.9973853826522827 dtype=torch.float32
  [gamma.grad] step=1013 val=-0.8370927572250366 dtype=torch.float32
  [gamma.grad] step=1014 val=-0.998374879360199 dtype=torch.float32
  [gamma.grad] step=1015 val=0.9940922260284424 dtype=torch.float32
  [gamma.grad] step=1016 val=-0.6508496999740601 dtype=torch.float32
  [gamma.grad] step=1017 val=-0.9991713166236877 dtype=torch.float32
  [gamma.grad] step=1018 val=-0.9931286573410034 dtype=torch.float32
  [gamma.grad] step=1019 val=0.9973491430282593 dtype=torch.float32
  [gamma.grad] step=1020 val=0.7989829182624817 dtype=torch.float32
[step 1020] loss=1.6122 sigma_Wh=0.6990 sigma_Wc=0.7489 holds=True lambda=0.503 gamma=6.7660e-02 (816.1s)
  [gamma.grad] step=1021 val=0.9983866810798645 dtype=torch.float32
  [gamma.grad] step=1022 val=0.7239845395088196 dtype=torch.float32
  [gamma.grad] step=1023 val=-0.9947807192802429 dtype=torch.float32
  [gamma.grad] step=1024 val=0.9970656633377075 dtype=torch.float32
  [gamma.grad] step=1025 val=0.9988068342208862 dtype=torch.float32
  [gamma.grad] step=1026 val=0.9993317127227783 dtype=torch.float32
  [gamma.grad] step=1027 val=-0.9871969819068909 dtype=torch.float32
  [gamma.grad] step=1028 val=-0.9997711181640625 dtype=torch.float32
  [gamma.grad] step=1029 val=-0.9996081590652466 dtype=torch.float32
  [gamma.grad] step=1030 val=0.998817503452301 dtype=torch.float32
[step 1030] loss=2.7047 sigma_Wh=0.6989 sigma_Wc=0.7489 holds=True lambda=0.503 gamma=6.7654e-02 (823.5s)
  [gamma.grad] step=1031 val=0.9988387227058411 dtype=torch.float32
  [gamma.grad] step=1032 val=0.9124398231506348 dtype=torch.float32
  [gamma.grad] step=1033 val=0.9900097250938416 dtype=torch.float32
  [gamma.grad] step=1034 val=0.3585438132286072 dtype=torch.float32
  [gamma.grad] step=1035 val=0.9970462322235107 dtype=torch.float32
  [gamma.grad] step=1036 val=0.8616595268249512 dtype=torch.float32
  [gamma.grad] step=1037 val=0.1741366684436798 dtype=torch.float32
  [gamma.grad] step=1038 val=-0.9966802000999451 dtype=torch.float32
  [gamma.grad] step=1039 val=-0.4500181972980499 dtype=torch.float32
  [gamma.grad] step=1040 val=0.9894445538520813 dtype=torch.float32
[step 1040] loss=2.0029 sigma_Wh=0.6990 sigma_Wc=0.7489 holds=True lambda=0.503 gamma=6.7360e-02 (831.0s)
  [gamma.grad] step=1041 val=0.9989136457443237 dtype=torch.float32
  [gamma.grad] step=1042 val=0.1979139745235443 dtype=torch.float32
  [gamma.grad] step=1043 val=-0.5508162975311279 dtype=torch.float32
  [gamma.grad] step=1044 val=0.22912931442260742 dtype=torch.float32
  [gamma.grad] step=1045 val=-0.9985451102256775 dtype=torch.float32
  [gamma.grad] step=1046 val=0.9967131614685059 dtype=torch.float32
  [gamma.grad] step=1047 val=0.17285433411598206 dtype=torch.float32
  [gamma.grad] step=1048 val=-0.9942129254341125 dtype=torch.float32
  [gamma.grad] step=1049 val=0.2621809244155884 dtype=torch.float32
  [gamma.grad] step=1050 val=-0.9985498785972595 dtype=torch.float32
[step 1050] loss=1.5809 sigma_Wh=0.6990 sigma_Wc=0.7489 holds=True lambda=0.503 gamma=6.7160e-02 (838.8s)
  [gamma.grad] step=1051 val=0.5546075105667114 dtype=torch.float32
  [gamma.grad] step=1052 val=0.9979526400566101 dtype=torch.float32
  [gamma.grad] step=1053 val=-0.9887655377388 dtype=torch.float32
  [gamma.grad] step=1054 val=0.998691976070404 dtype=torch.float32
  [gamma.grad] step=1055 val=-0.9883678555488586 dtype=torch.float32
  [gamma.grad] step=1056 val=-0.3454253077507019 dtype=torch.float32
  [gamma.grad] step=1057 val=-0.7256565093994141 dtype=torch.float32
  [gamma.grad] step=1058 val=-0.9991821646690369 dtype=torch.float32
  [gamma.grad] step=1059 val=-0.9930917620658875 dtype=torch.float32
  [gamma.grad] step=1060 val=0.9991654753684998 dtype=torch.float32
[step 1060] loss=2.5672 sigma_Wh=0.6991 sigma_Wc=0.7489 holds=True lambda=0.503 gamma=6.7207e-02 (846.9s)
  [gamma.grad] step=1061 val=-0.7894680500030518 dtype=torch.float32
  [gamma.grad] step=1062 val=-0.44389548897743225 dtype=torch.float32
  [gamma.grad] step=1063 val=0.09286834299564362 dtype=torch.float32
  [gamma.grad] step=1064 val=-0.9993824362754822 dtype=torch.float32
  [gamma.grad] step=1065 val=-0.9990883469581604 dtype=torch.float32
  [gamma.grad] step=1066 val=-0.997489333152771 dtype=torch.float32
  [gamma.grad] step=1067 val=0.9984856843948364 dtype=torch.float32
  [gamma.grad] step=1068 val=-0.9985847473144531 dtype=torch.float32
  [gamma.grad] step=1069 val=-0.9981909990310669 dtype=torch.float32
  [gamma.grad] step=1070 val=-0.06532484292984009 dtype=torch.float32
[step 1070] loss=2.7168 sigma_Wh=0.6991 sigma_Wc=0.7490 holds=True lambda=0.504 gamma=6.7568e-02 (855.1s)
  [gamma.grad] step=1071 val=-0.9987355470657349 dtype=torch.float32
  [gamma.grad] step=1072 val=-0.5845695734024048 dtype=torch.float32
  [gamma.grad] step=1073 val=-0.6103229522705078 dtype=torch.float32
  [gamma.grad] step=1074 val=0.07377755641937256 dtype=torch.float32
  [gamma.grad] step=1075 val=0.7906777262687683 dtype=torch.float32
  [gamma.grad] step=1076 val=-0.8227235078811646 dtype=torch.float32
  [gamma.grad] step=1077 val=0.9979897737503052 dtype=torch.float32
  [gamma.grad] step=1078 val=0.02585732936859131 dtype=torch.float32
  [gamma.grad] step=1079 val=0.997823178768158 dtype=torch.float32
  [gamma.grad] step=1080 val=-0.9988021850585938 dtype=torch.float32
[step 1080] loss=4.2496 sigma_Wh=0.6992 sigma_Wc=0.7490 holds=True lambda=0.504 gamma=6.7927e-02 (863.0s)
  [gamma.grad] step=1081 val=-0.9996939897537231 dtype=torch.float32
  [gamma.grad] step=1082 val=-0.9993860721588135 dtype=torch.float32
  [gamma.grad] step=1083 val=0.7055442333221436 dtype=torch.float32
  [gamma.grad] step=1084 val=-0.9988391995429993 dtype=torch.float32
  [gamma.grad] step=1085 val=0.010008931159973145 dtype=torch.float32
  [gamma.grad] step=1086 val=-0.9962860345840454 dtype=torch.float32
  [gamma.grad] step=1087 val=0.9975780844688416 dtype=torch.float32
  [gamma.grad] step=1088 val=0.24249517917633057 dtype=torch.float32
  [gamma.grad] step=1089 val=-0.9843915700912476 dtype=torch.float32
  [gamma.grad] step=1090 val=-0.9996322989463806 dtype=torch.float32
[step 1090] loss=0.5945 sigma_Wh=0.6993 sigma_Wc=0.7490 holds=True lambda=0.504 gamma=6.8235e-02 (870.8s)
  [gamma.grad] step=1091 val=-0.9989621043205261 dtype=torch.float32
  [gamma.grad] step=1092 val=0.9866166710853577 dtype=torch.float32
  [gamma.grad] step=1093 val=0.998175323009491 dtype=torch.float32
  [gamma.grad] step=1094 val=-0.9962975978851318 dtype=torch.float32
  [gamma.grad] step=1095 val=-0.9994282722473145 dtype=torch.float32
  [gamma.grad] step=1096 val=-0.014927268028259277 dtype=torch.float32
  [gamma.grad] step=1097 val=-0.2626994848251343 dtype=torch.float32
  [gamma.grad] step=1098 val=-0.9967289566993713 dtype=torch.float32
  [gamma.grad] step=1099 val=-0.6528643369674683 dtype=torch.float32
  [gamma.grad] step=1100 val=-0.9977424144744873 dtype=torch.float32
[step 1100] loss=2.5001 sigma_Wh=0.6993 sigma_Wc=0.7490 holds=True lambda=0.504 gamma=6.8579e-02 (878.4s)
  [gamma.grad] step=1101 val=-0.1776561141014099 dtype=torch.float32
  [gamma.grad] step=1102 val=-0.9988792538642883 dtype=torch.float32
  [gamma.grad] step=1103 val=-0.9972909092903137 dtype=torch.float32
  [gamma.grad] step=1104 val=0.2902184724807739 dtype=torch.float32
  [gamma.grad] step=1105 val=-0.9995859265327454 dtype=torch.float32
  [gamma.grad] step=1106 val=0.7238070368766785 dtype=torch.float32
  [gamma.grad] step=1107 val=0.9980720281600952 dtype=torch.float32
  [gamma.grad] step=1108 val=-0.3679840564727783 dtype=torch.float32
  [gamma.grad] step=1109 val=-0.9946206212043762 dtype=torch.float32
  [gamma.grad] step=1110 val=-0.9707568287849426 dtype=torch.float32
[step 1110] loss=0.7044 sigma_Wh=0.6995 sigma_Wc=0.7490 holds=True lambda=0.504 gamma=6.9036e-02 (885.9s)
  [gamma.grad] step=1111 val=0.9988119006156921 dtype=torch.float32
  [gamma.grad] step=1112 val=0.9637429714202881 dtype=torch.float32
  [gamma.grad] step=1113 val=0.9961637854576111 dtype=torch.float32
  [gamma.grad] step=1114 val=-0.27771180868148804 dtype=torch.float32
  [gamma.grad] step=1115 val=-0.9993423819541931 dtype=torch.float32
  [gamma.grad] step=1116 val=-0.9992789030075073 dtype=torch.float32
  [gamma.grad] step=1117 val=-0.9990110397338867 dtype=torch.float32
  [gamma.grad] step=1118 val=-0.9971471428871155 dtype=torch.float32
  [gamma.grad] step=1119 val=-0.9981725215911865 dtype=torch.float32
  [gamma.grad] step=1120 val=-0.7156983613967896 dtype=torch.float32
[step 1120] loss=1.9761 sigma_Wh=0.6996 sigma_Wc=0.7491 holds=True lambda=0.504 gamma=6.9313e-02 (893.6s)
  [gamma.grad] step=1121 val=-0.9943650364875793 dtype=torch.float32
  [gamma.grad] step=1122 val=0.5435446500778198 dtype=torch.float32
  [gamma.grad] step=1123 val=-0.26229602098464966 dtype=torch.float32
  [gamma.grad] step=1124 val=-0.999506950378418 dtype=torch.float32
  [gamma.grad] step=1125 val=0.21012988686561584 dtype=torch.float32
  [gamma.grad] step=1126 val=0.9960218667984009 dtype=torch.float32
  [gamma.grad] step=1127 val=0.07802313566207886 dtype=torch.float32
  [gamma.grad] step=1128 val=0.017739802598953247 dtype=torch.float32
  [gamma.grad] step=1129 val=-0.998996376991272 dtype=torch.float32
  [gamma.grad] step=1130 val=0.9971848130226135 dtype=torch.float32
[step 1130] loss=2.9913 sigma_Wh=0.6996 sigma_Wc=0.7491 holds=True lambda=0.504 gamma=6.9694e-02 (901.2s)
  [gamma.grad] step=1131 val=0.20098790526390076 dtype=torch.float32
  [gamma.grad] step=1132 val=0.9978559613227844 dtype=torch.float32
  [gamma.grad] step=1133 val=0.7924052476882935 dtype=torch.float32
  [gamma.grad] step=1134 val=0.4847901463508606 dtype=torch.float32
  [gamma.grad] step=1135 val=-0.9514893293380737 dtype=torch.float32
  [gamma.grad] step=1136 val=0.9963732361793518 dtype=torch.float32
  [gamma.grad] step=1137 val=-0.47005361318588257 dtype=torch.float32
  [gamma.grad] step=1138 val=-0.9952202439308167 dtype=torch.float32
  [gamma.grad] step=1139 val=0.9989384412765503 dtype=torch.float32
  [gamma.grad] step=1140 val=-0.3611952066421509 dtype=torch.float32
[step 1140] loss=0.6290 sigma_Wh=0.7000 sigma_Wc=0.7492 holds=True lambda=0.504 gamma=6.9663e-02 (908.8s)
  [gamma.grad] step=1141 val=0.8761038184165955 dtype=torch.float32
  [gamma.grad] step=1142 val=0.9995290637016296 dtype=torch.float32
  [gamma.grad] step=1143 val=0.9014086723327637 dtype=torch.float32
  [gamma.grad] step=1144 val=-0.9995362758636475 dtype=torch.float32
  [gamma.grad] step=1145 val=-0.7341412305831909 dtype=torch.float32
  [gamma.grad] step=1146 val=0.3493858575820923 dtype=torch.float32
  [gamma.grad] step=1147 val=0.696879506111145 dtype=torch.float32
  [gamma.grad] step=1148 val=0.9943246841430664 dtype=torch.float32
  [gamma.grad] step=1149 val=-0.9985133409500122 dtype=torch.float32
  [gamma.grad] step=1150 val=-0.1707613468170166 dtype=torch.float32
[step 1150] loss=1.9014 sigma_Wh=0.7001 sigma_Wc=0.7492 holds=True lambda=0.504 gamma=6.9505e-02 (916.3s)
  [gamma.grad] step=1151 val=-0.9994316101074219 dtype=torch.float32
  [gamma.grad] step=1152 val=-0.9964820742607117 dtype=torch.float32
  [gamma.grad] step=1153 val=0.31816408038139343 dtype=torch.float32
  [gamma.grad] step=1154 val=-0.9942666888237 dtype=torch.float32
  [gamma.grad] step=1155 val=-0.9996341466903687 dtype=torch.float32
  [gamma.grad] step=1156 val=-0.9965753555297852 dtype=torch.float32
  [gamma.grad] step=1157 val=-0.984845757484436 dtype=torch.float32
  [gamma.grad] step=1158 val=-0.14577072858810425 dtype=torch.float32
  [gamma.grad] step=1159 val=-0.9984241127967834 dtype=torch.float32
  [gamma.grad] step=1160 val=-0.8239599466323853 dtype=torch.float32
[step 1160] loss=3.0868 sigma_Wh=0.7001 sigma_Wc=0.7492 holds=True lambda=0.504 gamma=6.9821e-02 (923.9s)
  [gamma.grad] step=1161 val=0.585166335105896 dtype=torch.float32
  [gamma.grad] step=1162 val=0.9973607063293457 dtype=torch.float32
  [gamma.grad] step=1163 val=0.9912474155426025 dtype=torch.float32
  [gamma.grad] step=1164 val=-0.6716622114181519 dtype=torch.float32
  [gamma.grad] step=1165 val=0.0768311396241188 dtype=torch.float32
  [gamma.grad] step=1166 val=0.549984335899353 dtype=torch.float32
  [gamma.grad] step=1167 val=0.9497485756874084 dtype=torch.float32
  [gamma.grad] step=1168 val=0.1032077968120575 dtype=torch.float32
  [gamma.grad] step=1169 val=0.2855900228023529 dtype=torch.float32
  [gamma.grad] step=1170 val=-0.9953519701957703 dtype=torch.float32
[step 1170] loss=0.5558 sigma_Wh=0.7000 sigma_Wc=0.7492 holds=True lambda=0.504 gamma=6.9939e-02 (931.6s)
  [gamma.grad] step=1171 val=0.2785302996635437 dtype=torch.float32
  [gamma.grad] step=1172 val=-0.9889768362045288 dtype=torch.float32
  [gamma.grad] step=1173 val=-0.40036672353744507 dtype=torch.float32
  [gamma.grad] step=1174 val=-0.5583125352859497 dtype=torch.float32
  [gamma.grad] step=1175 val=-0.36919382214546204 dtype=torch.float32
  [gamma.grad] step=1176 val=-0.03045833110809326 dtype=torch.float32
  [gamma.grad] step=1177 val=-0.9944664239883423 dtype=torch.float32
  [gamma.grad] step=1178 val=-0.9994463324546814 dtype=torch.float32
  [gamma.grad] step=1179 val=-0.9859503507614136 dtype=torch.float32
  [gamma.grad] step=1180 val=0.08912493288516998 dtype=torch.float32
[step 1180] loss=1.6244 sigma_Wh=0.6998 sigma_Wc=0.7492 holds=True lambda=0.504 gamma=7.0196e-02 (939.1s)
  [gamma.grad] step=1181 val=-0.6229190230369568 dtype=torch.float32
  [gamma.grad] step=1182 val=0.7547491788864136 dtype=torch.float32
  [gamma.grad] step=1183 val=-0.9997262358665466 dtype=torch.float32
  [gamma.grad] step=1184 val=0.5943753719329834 dtype=torch.float32
  [gamma.grad] step=1185 val=0.9977089762687683 dtype=torch.float32
  [gamma.grad] step=1186 val=-0.9997594952583313 dtype=torch.float32
  [gamma.grad] step=1187 val=-0.6521590352058411 dtype=torch.float32
  [gamma.grad] step=1188 val=-0.9966046810150146 dtype=torch.float32
  [gamma.grad] step=1189 val=-0.05520942807197571 dtype=torch.float32
  [gamma.grad] step=1190 val=0.9988734722137451 dtype=torch.float32
[step 1190] loss=2.8413 sigma_Wh=0.6998 sigma_Wc=0.7492 holds=True lambda=0.504 gamma=7.0506e-02 (946.7s)
  [gamma.grad] step=1191 val=0.9990968108177185 dtype=torch.float32
  [gamma.grad] step=1192 val=0.9837666749954224 dtype=torch.float32
  [gamma.grad] step=1193 val=-0.9982428550720215 dtype=torch.float32
  [gamma.grad] step=1194 val=-0.9983428716659546 dtype=torch.float32
  [gamma.grad] step=1195 val=0.4863303005695343 dtype=torch.float32
  [gamma.grad] step=1196 val=0.9984394311904907 dtype=torch.float32
  [gamma.grad] step=1197 val=-0.2457849383354187 dtype=torch.float32
  [gamma.grad] step=1198 val=0.02440430223941803 dtype=torch.float32
  [gamma.grad] step=1199 val=-0.9983572363853455 dtype=torch.float32
  [gamma.grad] step=1200 val=0.994550883769989 dtype=torch.float32
[step 1200] loss=1.6743 sigma_Wh=0.6999 sigma_Wc=0.7492 holds=True lambda=0.504 gamma=7.0549e-02 (954.6s)
[ckpt] runs/stage1_hybrid/ckpt_1200.pt
  [gamma.grad] step=1201 val=-0.4420619308948517 dtype=torch.float32
  [gamma.grad] step=1202 val=-0.9985515475273132 dtype=torch.float32
  [gamma.grad] step=1203 val=0.2882218360900879 dtype=torch.float32
  [gamma.grad] step=1204 val=-0.9977036714553833 dtype=torch.float32
  [gamma.grad] step=1205 val=-0.7519991993904114 dtype=torch.float32
  [gamma.grad] step=1206 val=-0.9737606644630432 dtype=torch.float32
  [gamma.grad] step=1207 val=0.9931668639183044 dtype=torch.float32
  [gamma.grad] step=1208 val=0.5848768353462219 dtype=torch.float32
  [gamma.grad] step=1209 val=-0.9994710087776184 dtype=torch.float32
  [gamma.grad] step=1210 val=-0.9992139339447021 dtype=torch.float32
[step 1210] loss=0.7886 sigma_Wh=0.6997 sigma_Wc=0.7492 holds=True lambda=0.504 gamma=7.0756e-02 (965.6s)
  [gamma.grad] step=1211 val=0.9983540177345276 dtype=torch.float32
  [gamma.grad] step=1212 val=-0.07926815748214722 dtype=torch.float32
  [gamma.grad] step=1213 val=0.9991723299026489 dtype=torch.float32
  [gamma.grad] step=1214 val=0.9974825382232666 dtype=torch.float32
  [gamma.grad] step=1215 val=0.9968717098236084 dtype=torch.float32
  [gamma.grad] step=1216 val=-0.9980183243751526 dtype=torch.float32
  [gamma.grad] step=1217 val=0.9985628724098206 dtype=torch.float32
  [gamma.grad] step=1218 val=0.9979158043861389 dtype=torch.float32
  [gamma.grad] step=1219 val=0.9908991456031799 dtype=torch.float32
  [gamma.grad] step=1220 val=-0.9992630481719971 dtype=torch.float32
[step 1220] loss=2.3459 sigma_Wh=0.6996 sigma_Wc=0.7492 holds=True lambda=0.504 gamma=7.0657e-02 (973.3s)
  [gamma.grad] step=1221 val=-0.9858934283256531 dtype=torch.float32
  [gamma.grad] step=1222 val=0.7491191625595093 dtype=torch.float32
  [gamma.grad] step=1223 val=0.1565222144126892 dtype=torch.float32
  [gamma.grad] step=1224 val=-0.9964767694473267 dtype=torch.float32
  [gamma.grad] step=1225 val=0.9919018149375916 dtype=torch.float32
  [gamma.grad] step=1226 val=0.2691451907157898 dtype=torch.float32
  [gamma.grad] step=1227 val=0.9152411818504333 dtype=torch.float32
  [gamma.grad] step=1228 val=-0.978778600692749 dtype=torch.float32
  [gamma.grad] step=1229 val=0.48768162727355957 dtype=torch.float32
  [gamma.grad] step=1230 val=-0.9973815083503723 dtype=torch.float32
[step 1230] loss=3.7373 sigma_Wh=0.6995 sigma_Wc=0.7492 holds=True lambda=0.504 gamma=7.0534e-02 (980.8s)
  [gamma.grad] step=1231 val=-0.539852499961853 dtype=torch.float32
  [gamma.grad] step=1232 val=-0.9992233514785767 dtype=torch.float32
  [gamma.grad] step=1233 val=-0.9980401992797852 dtype=torch.float32
  [gamma.grad] step=1234 val=0.9964905977249146 dtype=torch.float32
  [gamma.grad] step=1235 val=-0.9908937811851501 dtype=torch.float32
  [gamma.grad] step=1236 val=-0.8054908514022827 dtype=torch.float32
  [gamma.grad] step=1237 val=-0.5002406239509583 dtype=torch.float32
  [gamma.grad] step=1238 val=0.4177582263946533 dtype=torch.float32
  [gamma.grad] step=1239 val=-0.9997571706771851 dtype=torch.float32
  [gamma.grad] step=1240 val=-0.5698215961456299 dtype=torch.float32
[step 1240] loss=2.2690 sigma_Wh=0.6994 sigma_Wc=0.7491 holds=True lambda=0.504 gamma=7.0771e-02 (988.4s)
  [gamma.grad] step=1241 val=0.9992538690567017 dtype=torch.float32
  [gamma.grad] step=1242 val=-0.9986308217048645 dtype=torch.float32
  [gamma.grad] step=1243 val=0.6038218140602112 dtype=torch.float32
  [gamma.grad] step=1244 val=0.9856801629066467 dtype=torch.float32
  [gamma.grad] step=1245 val=-0.9854779243469238 dtype=torch.float32
  [gamma.grad] step=1246 val=0.9977683424949646 dtype=torch.float32
  [gamma.grad] step=1247 val=-0.5809446573257446 dtype=torch.float32
  [gamma.grad] step=1248 val=-0.9937659502029419 dtype=torch.float32
  [gamma.grad] step=1249 val=-0.10675305128097534 dtype=torch.float32
  [gamma.grad] step=1250 val=-0.7304713726043701 dtype=torch.float32
[step 1250] loss=1.7490 sigma_Wh=0.6995 sigma_Wc=0.7492 holds=True lambda=0.504 gamma=7.0955e-02 (995.9s)
  [gamma.grad] step=1251 val=0.24559973180294037 dtype=torch.float32
  [gamma.grad] step=1252 val=0.3244069814682007 dtype=torch.float32
  [gamma.grad] step=1253 val=-0.7950662970542908 dtype=torch.float32
  [gamma.grad] step=1254 val=-0.998883068561554 dtype=torch.float32
  [gamma.grad] step=1255 val=0.3546084463596344 dtype=torch.float32
  [gamma.grad] step=1256 val=-0.9926328063011169 dtype=torch.float32
  [gamma.grad] step=1257 val=-0.36455559730529785 dtype=torch.float32
  [gamma.grad] step=1258 val=0.8092153668403625 dtype=torch.float32
  [gamma.grad] step=1259 val=0.3582625985145569 dtype=torch.float32
  [gamma.grad] step=1260 val=-0.9963685274124146 dtype=torch.float32
[step 1260] loss=1.0095 sigma_Wh=0.6993 sigma_Wc=0.7491 holds=True lambda=0.504 gamma=7.1209e-02 (1003.4s)
  [gamma.grad] step=1261 val=0.9865525960922241 dtype=torch.float32
  [gamma.grad] step=1262 val=0.9979366660118103 dtype=torch.float32
  [gamma.grad] step=1263 val=-0.48591139912605286 dtype=torch.float32
  [gamma.grad] step=1264 val=0.41725456714630127 dtype=torch.float32
  [gamma.grad] step=1265 val=-0.9994687438011169 dtype=torch.float32
  [gamma.grad] step=1266 val=-0.9977136850357056 dtype=torch.float32
  [gamma.grad] step=1267 val=0.2164764404296875 dtype=torch.float32
  [gamma.grad] step=1268 val=-0.9988505244255066 dtype=torch.float32
  [gamma.grad] step=1269 val=-0.6807733774185181 dtype=torch.float32
  [gamma.grad] step=1270 val=0.6152220368385315 dtype=torch.float32
[step 1270] loss=2.1575 sigma_Wh=0.6992 sigma_Wc=0.7491 holds=True lambda=0.504 gamma=7.1356e-02 (1011.0s)
  [gamma.grad] step=1271 val=0.38189777731895447 dtype=torch.float32
  [gamma.grad] step=1272 val=-0.1462794840335846 dtype=torch.float32
  [gamma.grad] step=1273 val=0.9335668683052063 dtype=torch.float32
  [gamma.grad] step=1274 val=0.9858165383338928 dtype=torch.float32
  [gamma.grad] step=1275 val=-0.9997319579124451 dtype=torch.float32
  [gamma.grad] step=1276 val=-0.997678279876709 dtype=torch.float32
  [gamma.grad] step=1277 val=0.9995308518409729 dtype=torch.float32
  [gamma.grad] step=1278 val=0.15777115523815155 dtype=torch.float32
  [gamma.grad] step=1279 val=-0.41059327125549316 dtype=torch.float32
  [gamma.grad] step=1280 val=-0.8903560638427734 dtype=torch.float32
[step 1280] loss=2.2036 sigma_Wh=0.6992 sigma_Wc=0.7491 holds=True lambda=0.504 gamma=7.1421e-02 (1018.6s)
  [gamma.grad] step=1281 val=0.9983696341514587 dtype=torch.float32
  [gamma.grad] step=1282 val=-0.998984694480896 dtype=torch.float32
  [gamma.grad] step=1283 val=-0.9980667233467102 dtype=torch.float32
  [gamma.grad] step=1284 val=0.9928332567214966 dtype=torch.float32
  [gamma.grad] step=1285 val=-0.9994084239006042 dtype=torch.float32
  [gamma.grad] step=1286 val=-0.9997912645339966 dtype=torch.float32
  [gamma.grad] step=1287 val=-0.9995461702346802 dtype=torch.float32
  [gamma.grad] step=1288 val=-0.5167798399925232 dtype=torch.float32
  [gamma.grad] step=1289 val=-0.9993003010749817 dtype=torch.float32
  [gamma.grad] step=1290 val=0.9949758052825928 dtype=torch.float32
[step 1290] loss=1.2633 sigma_Wh=0.6992 sigma_Wc=0.7491 holds=True lambda=0.504 gamma=7.1681e-02 (1026.1s)
  [gamma.grad] step=1291 val=-0.9991253018379211 dtype=torch.float32
  [gamma.grad] step=1292 val=0.6154496669769287 dtype=torch.float32
  [gamma.grad] step=1293 val=-0.9993886351585388 dtype=torch.float32
  [gamma.grad] step=1294 val=0.9992731809616089 dtype=torch.float32
  [gamma.grad] step=1295 val=-0.996994137763977 dtype=torch.float32
  [gamma.grad] step=1296 val=0.5623297691345215 dtype=torch.float32
  [gamma.grad] step=1297 val=0.7783427238464355 dtype=torch.float32
  [gamma.grad] step=1298 val=0.3675318956375122 dtype=torch.float32
  [gamma.grad] step=1299 val=-0.05192089080810547 dtype=torch.float32
  [gamma.grad] step=1300 val=0.9904695749282837 dtype=torch.float32
[step 1300] loss=2.0009 sigma_Wh=0.6991 sigma_Wc=0.7491 holds=True lambda=0.504 gamma=7.1882e-02 (1033.8s)
  [gamma.grad] step=1301 val=-0.7099807262420654 dtype=torch.float32
  [gamma.grad] step=1302 val=0.9886891841888428 dtype=torch.float32
  [gamma.grad] step=1303 val=0.994777262210846 dtype=torch.float32
  [gamma.grad] step=1304 val=0.999627947807312 dtype=torch.float32
  [gamma.grad] step=1305 val=0.6860524415969849 dtype=torch.float32
  [gamma.grad] step=1306 val=0.9970883131027222 dtype=torch.float32
  [gamma.grad] step=1307 val=-0.9988494515419006 dtype=torch.float32
  [gamma.grad] step=1308 val=-0.9945955276489258 dtype=torch.float32
  [gamma.grad] step=1309 val=-0.999182403087616 dtype=torch.float32
  [gamma.grad] step=1310 val=-0.9409325122833252 dtype=torch.float32
[step 1310] loss=1.5480 sigma_Wh=0.6991 sigma_Wc=0.7491 holds=True lambda=0.504 gamma=7.1716e-02 (1042.0s)
  [gamma.grad] step=1311 val=0.9855015873908997 dtype=torch.float32
  [gamma.grad] step=1312 val=-0.990422248840332 dtype=torch.float32
  [gamma.grad] step=1313 val=-0.9970985054969788 dtype=torch.float32
  [gamma.grad] step=1314 val=-0.39068299531936646 dtype=torch.float32
  [gamma.grad] step=1315 val=0.9983220100402832 dtype=torch.float32
  [gamma.grad] step=1316 val=0.9989790916442871 dtype=torch.float32
  [gamma.grad] step=1317 val=-0.9990817308425903 dtype=torch.float32
  [gamma.grad] step=1318 val=0.9918582439422607 dtype=torch.float32
  [gamma.grad] step=1319 val=0.999052882194519 dtype=torch.float32
  [gamma.grad] step=1320 val=0.05028986930847168 dtype=torch.float32
[step 1320] loss=1.7418 sigma_Wh=0.6991 sigma_Wc=0.7492 holds=True lambda=0.504 gamma=7.1752e-02 (1050.2s)
  [gamma.grad] step=1321 val=-0.13127297163009644 dtype=torch.float32
  [gamma.grad] step=1322 val=-0.997437596321106 dtype=torch.float32
  [gamma.grad] step=1323 val=-0.9983384013175964 dtype=torch.float32
  [gamma.grad] step=1324 val=-0.9996693134307861 dtype=torch.float32
  [gamma.grad] step=1325 val=-0.9976359009742737 dtype=torch.float32
  [gamma.grad] step=1326 val=0.7808656692504883 dtype=torch.float32
  [gamma.grad] step=1327 val=-0.1880279779434204 dtype=torch.float32
  [gamma.grad] step=1328 val=-0.39042994379997253 dtype=torch.float32
  [gamma.grad] step=1329 val=0.9973282217979431 dtype=torch.float32
  [gamma.grad] step=1330 val=0.8930555582046509 dtype=torch.float32
[step 1330] loss=2.4976 sigma_Wh=0.6992 sigma_Wc=0.7492 holds=True lambda=0.504 gamma=7.1885e-02 (1058.3s)
  [gamma.grad] step=1331 val=-0.9974398016929626 dtype=torch.float32
  [gamma.grad] step=1332 val=-0.9948597550392151 dtype=torch.float32
  [gamma.grad] step=1333 val=0.9994031190872192 dtype=torch.float32
  [gamma.grad] step=1334 val=0.4780005216598511 dtype=torch.float32
  [gamma.grad] step=1335 val=-0.9943622350692749 dtype=torch.float32
  [gamma.grad] step=1336 val=-0.9996150732040405 dtype=torch.float32
  [gamma.grad] step=1337 val=-0.4929158687591553 dtype=torch.float32
  [gamma.grad] step=1338 val=-0.05089467763900757 dtype=torch.float32
  [gamma.grad] step=1339 val=0.9978410601615906 dtype=torch.float32
  [gamma.grad] step=1340 val=0.9979753494262695 dtype=torch.float32
[step 1340] loss=1.5584 sigma_Wh=0.6993 sigma_Wc=0.7492 holds=True lambda=0.504 gamma=7.2014e-02 (1066.4s)
  [gamma.grad] step=1341 val=0.18347248435020447 dtype=torch.float32
  [gamma.grad] step=1342 val=0.989793062210083 dtype=torch.float32
  [gamma.grad] step=1343 val=0.9963288307189941 dtype=torch.float32
  [gamma.grad] step=1344 val=0.24765139818191528 dtype=torch.float32
  [gamma.grad] step=1345 val=-0.3135421872138977 dtype=torch.float32
  [gamma.grad] step=1346 val=-0.9963473081588745 dtype=torch.float32
  [gamma.grad] step=1347 val=0.9984027743339539 dtype=torch.float32
  [gamma.grad] step=1348 val=0.998159646987915 dtype=torch.float32
  [gamma.grad] step=1349 val=-0.11794283986091614 dtype=torch.float32
  [gamma.grad] step=1350 val=-0.1413547247648239 dtype=torch.float32
[step 1350] loss=0.8061 sigma_Wh=0.6994 sigma_Wc=0.7492 holds=True lambda=0.504 gamma=7.1827e-02 (1074.5s)
  [gamma.grad] step=1351 val=0.9968084096908569 dtype=torch.float32
  [gamma.grad] step=1352 val=-0.04695750027894974 dtype=torch.float32
  [gamma.grad] step=1353 val=-0.456515371799469 dtype=torch.float32
  [gamma.grad] step=1354 val=0.9987202882766724 dtype=torch.float32
  [gamma.grad] step=1355 val=-0.9958595037460327 dtype=torch.float32
  [gamma.grad] step=1356 val=0.3052004873752594 dtype=torch.float32
  [gamma.grad] step=1357 val=-0.9992516040802002 dtype=torch.float32
  [gamma.grad] step=1358 val=0.9956648349761963 dtype=torch.float32
  [gamma.grad] step=1359 val=-0.9986174702644348 dtype=torch.float32
  [gamma.grad] step=1360 val=-0.9962244033813477 dtype=torch.float32
[step 1360] loss=1.4554 sigma_Wh=0.6995 sigma_Wc=0.7492 holds=True lambda=0.504 gamma=7.1692e-02 (1082.6s)
  [gamma.grad] step=1361 val=-0.9983268976211548 dtype=torch.float32
  [gamma.grad] step=1362 val=0.9987419247627258 dtype=torch.float32
  [gamma.grad] step=1363 val=-0.9927228093147278 dtype=torch.float32
  [gamma.grad] step=1364 val=-0.21655964851379395 dtype=torch.float32
  [gamma.grad] step=1365 val=-0.1898808479309082 dtype=torch.float32
  [gamma.grad] step=1366 val=0.9983742833137512 dtype=torch.float32
  [gamma.grad] step=1367 val=0.8517582416534424 dtype=torch.float32
  [gamma.grad] step=1368 val=0.9971866011619568 dtype=torch.float32
  [gamma.grad] step=1369 val=-0.7577817440032959 dtype=torch.float32
  [gamma.grad] step=1370 val=0.9975540041923523 dtype=torch.float32
[step 1370] loss=2.4315 sigma_Wh=0.6996 sigma_Wc=0.7492 holds=True lambda=0.504 gamma=7.1744e-02 (1090.8s)
  [gamma.grad] step=1371 val=-0.5931742191314697 dtype=torch.float32
  [gamma.grad] step=1372 val=-0.9969171285629272 dtype=torch.float32
  [gamma.grad] step=1373 val=-0.9993549585342407 dtype=torch.float32
  [gamma.grad] step=1374 val=-0.9598350524902344 dtype=torch.float32
  [gamma.grad] step=1375 val=-0.9875912070274353 dtype=torch.float32
  [gamma.grad] step=1376 val=0.2074337899684906 dtype=torch.float32
  [gamma.grad] step=1377 val=-0.9988627433776855 dtype=torch.float32
  [gamma.grad] step=1378 val=-0.9995237588882446 dtype=torch.float32
  [gamma.grad] step=1379 val=0.9951188564300537 dtype=torch.float32
  [gamma.grad] step=1380 val=0.66597580909729 dtype=torch.float32
[step 1380] loss=2.0978 sigma_Wh=0.6996 sigma_Wc=0.7492 holds=True lambda=0.504 gamma=7.1978e-02 (1098.8s)
  [gamma.grad] step=1381 val=-0.9982510805130005 dtype=torch.float32
  [gamma.grad] step=1382 val=-0.9903116822242737 dtype=torch.float32
  [gamma.grad] step=1383 val=-0.9982895255088806 dtype=torch.float32
  [gamma.grad] step=1384 val=-0.26612958312034607 dtype=torch.float32
  [gamma.grad] step=1385 val=0.9982510805130005 dtype=torch.float32
  [gamma.grad] step=1386 val=-0.9982980489730835 dtype=torch.float32
  [gamma.grad] step=1387 val=0.9721354842185974 dtype=torch.float32
  [gamma.grad] step=1388 val=-0.9995548725128174 dtype=torch.float32
  [gamma.grad] step=1389 val=-0.9991538524627686 dtype=torch.float32
  [gamma.grad] step=1390 val=-0.9993094205856323 dtype=torch.float32
[step 1390] loss=0.5568 sigma_Wh=0.6995 sigma_Wc=0.7491 holds=True lambda=0.504 gamma=7.2340e-02 (1107.0s)
  [gamma.grad] step=1391 val=-0.9975355863571167 dtype=torch.float32
  [gamma.grad] step=1392 val=0.9984852075576782 dtype=torch.float32
  [gamma.grad] step=1393 val=0.7917104959487915 dtype=torch.float32
  [gamma.grad] step=1394 val=-0.09321129322052002 dtype=torch.float32
  [gamma.grad] step=1395 val=-0.998776376247406 dtype=torch.float32
  [gamma.grad] step=1396 val=0.1445014774799347 dtype=torch.float32
  [gamma.grad] step=1397 val=0.9959127306938171 dtype=torch.float32
  [gamma.grad] step=1398 val=-0.998683512210846 dtype=torch.float32
  [gamma.grad] step=1399 val=0.9971063733100891 dtype=torch.float32
  [gamma.grad] step=1400 val=0.9960838556289673 dtype=torch.float32
[step 1400] loss=1.8386 sigma_Wh=0.6995 sigma_Wc=0.7491 holds=True lambda=0.504 gamma=7.2583e-02 (1115.1s)
[ckpt] runs/stage1_hybrid/ckpt_1400.pt
  [gamma.grad] step=1401 val=-0.12897509336471558 dtype=torch.float32
  [gamma.grad] step=1402 val=0.6644648909568787 dtype=torch.float32
  [gamma.grad] step=1403 val=0.3151260018348694 dtype=torch.float32
  [gamma.grad] step=1404 val=0.9978458881378174 dtype=torch.float32
  [gamma.grad] step=1405 val=-0.9960205554962158 dtype=torch.float32
  [gamma.grad] step=1406 val=-0.7294629216194153 dtype=torch.float32
  [gamma.grad] step=1407 val=0.051488906145095825 dtype=torch.float32
  [gamma.grad] step=1408 val=-0.9983497858047485 dtype=torch.float32
  [gamma.grad] step=1409 val=-0.9977361559867859 dtype=torch.float32
  [gamma.grad] step=1410 val=-0.71466463804245 dtype=torch.float32
[step 1410] loss=1.4519 sigma_Wh=0.6995 sigma_Wc=0.7491 holds=True lambda=0.504 gamma=7.2594e-02 (1126.9s)
  [gamma.grad] step=1411 val=-0.5839247703552246 dtype=torch.float32
  [gamma.grad] step=1412 val=-0.9982479214668274 dtype=torch.float32
  [gamma.grad] step=1413 val=0.22137701511383057 dtype=torch.float32
  [gamma.grad] step=1414 val=-0.9510471820831299 dtype=torch.float32
  [gamma.grad] step=1415 val=0.9970833659172058 dtype=torch.float32
  [gamma.grad] step=1416 val=-0.42623260617256165 dtype=torch.float32
  [gamma.grad] step=1417 val=-0.9976962208747864 dtype=torch.float32
  [gamma.grad] step=1418 val=-0.1820918321609497 dtype=torch.float32
  [gamma.grad] step=1419 val=-0.42175590991973877 dtype=torch.float32
  [gamma.grad] step=1420 val=0.8979436159133911 dtype=torch.float32
[step 1420] loss=2.6732 sigma_Wh=0.6993 sigma_Wc=0.7490 holds=True lambda=0.504 gamma=7.2936e-02 (1135.0s)
  [gamma.grad] step=1421 val=-0.10611271858215332 dtype=torch.float32
  [gamma.grad] step=1422 val=-0.9922651648521423 dtype=torch.float32
  [gamma.grad] step=1423 val=-0.9952084422111511 dtype=torch.float32
  [gamma.grad] step=1424 val=0.9988228678703308 dtype=torch.float32
  [gamma.grad] step=1425 val=-0.9989874958992004 dtype=torch.float32
  [gamma.grad] step=1426 val=0.9871096611022949 dtype=torch.float32
  [gamma.grad] step=1427 val=0.7227983474731445 dtype=torch.float32
  [gamma.grad] step=1428 val=-0.9991146326065063 dtype=torch.float32
  [gamma.grad] step=1429 val=-0.9987511038780212 dtype=torch.float32
  [gamma.grad] step=1430 val=0.9969459176063538 dtype=torch.float32
[step 1430] loss=2.2871 sigma_Wh=0.6994 sigma_Wc=0.7490 holds=True lambda=0.504 gamma=7.3178e-02 (1143.1s)
  [gamma.grad] step=1431 val=-0.9984563589096069 dtype=torch.float32
  [gamma.grad] step=1432 val=-0.7388039827346802 dtype=torch.float32
  [gamma.grad] step=1433 val=0.7604215145111084 dtype=torch.float32
  [gamma.grad] step=1434 val=-0.9974483847618103 dtype=torch.float32
  [gamma.grad] step=1435 val=-0.9989110231399536 dtype=torch.float32
  [gamma.grad] step=1436 val=-0.9981913566589355 dtype=torch.float32
  [gamma.grad] step=1437 val=-0.487444669008255 dtype=torch.float32
  [gamma.grad] step=1438 val=-0.9998022317886353 dtype=torch.float32
  [gamma.grad] step=1439 val=-0.9879605174064636 dtype=torch.float32
  [gamma.grad] step=1440 val=0.577680766582489 dtype=torch.float32
[step 1440] loss=2.1619 sigma_Wh=0.6994 sigma_Wc=0.7490 holds=True lambda=0.504 gamma=7.3574e-02 (1151.2s)
  [gamma.grad] step=1441 val=0.22911036014556885 dtype=torch.float32
  [gamma.grad] step=1442 val=0.3798462152481079 dtype=torch.float32
  [gamma.grad] step=1443 val=0.9944185614585876 dtype=torch.float32
  [gamma.grad] step=1444 val=0.8072046041488647 dtype=torch.float32
  [gamma.grad] step=1445 val=-0.999203622341156 dtype=torch.float32
  [gamma.grad] step=1446 val=0.9974956512451172 dtype=torch.float32
  [gamma.grad] step=1447 val=-0.9850090742111206 dtype=torch.float32
  [gamma.grad] step=1448 val=-0.9963725805282593 dtype=torch.float32
  [gamma.grad] step=1449 val=0.09913992881774902 dtype=torch.float32
  [gamma.grad] step=1450 val=0.42621609568595886 dtype=torch.float32
[step 1450] loss=1.8783 sigma_Wh=0.6995 sigma_Wc=0.7491 holds=True lambda=0.504 gamma=7.3763e-02 (1159.3s)
  [gamma.grad] step=1451 val=0.9176605939865112 dtype=torch.float32
  [gamma.grad] step=1452 val=-0.783988893032074 dtype=torch.float32
  [gamma.grad] step=1453 val=0.99334317445755 dtype=torch.float32
  [gamma.grad] step=1454 val=-0.9712507724761963 dtype=torch.float32
  [gamma.grad] step=1455 val=0.9976627826690674 dtype=torch.float32
  [gamma.grad] step=1456 val=0.8845217823982239 dtype=torch.float32
  [gamma.grad] step=1457 val=-0.9987524747848511 dtype=torch.float32
  [gamma.grad] step=1458 val=-0.9841092824935913 dtype=torch.float32
  [gamma.grad] step=1459 val=0.9953511953353882 dtype=torch.float32
  [gamma.grad] step=1460 val=0.11689233779907227 dtype=torch.float32
[step 1460] loss=2.0553 sigma_Wh=0.6995 sigma_Wc=0.7491 holds=True lambda=0.504 gamma=7.3775e-02 (1167.4s)
  [gamma.grad] step=1461 val=0.04505162686109543 dtype=torch.float32
  [gamma.grad] step=1462 val=0.9985981583595276 dtype=torch.float32
  [gamma.grad] step=1463 val=-0.9948453903198242 dtype=torch.float32
  [gamma.grad] step=1464 val=0.24024170637130737 dtype=torch.float32
  [gamma.grad] step=1465 val=-0.013718824833631516 dtype=torch.float32
  [gamma.grad] step=1466 val=0.9896885752677917 dtype=torch.float32
  [gamma.grad] step=1467 val=0.7404438853263855 dtype=torch.float32
  [gamma.grad] step=1468 val=0.9984762668609619 dtype=torch.float32
  [gamma.grad] step=1469 val=0.9990193247795105 dtype=torch.float32
  [gamma.grad] step=1470 val=-0.9993945956230164 dtype=torch.float32
[step 1470] loss=2.4109 sigma_Wh=0.6995 sigma_Wc=0.7491 holds=True lambda=0.503 gamma=7.3616e-02 (1175.5s)
  [gamma.grad] step=1471 val=0.41454774141311646 dtype=torch.float32
  [gamma.grad] step=1472 val=-0.9976800084114075 dtype=torch.float32
  [gamma.grad] step=1473 val=0.6963999271392822 dtype=torch.float32
  [gamma.grad] step=1474 val=-0.9977115988731384 dtype=torch.float32
  [gamma.grad] step=1475 val=-0.9989797472953796 dtype=torch.float32
  [gamma.grad] step=1476 val=0.9990238547325134 dtype=torch.float32
  [gamma.grad] step=1477 val=-0.9971749782562256 dtype=torch.float32
  [gamma.grad] step=1478 val=0.9932185411453247 dtype=torch.float32
  [gamma.grad] step=1479 val=0.2689364552497864 dtype=torch.float32
  [gamma.grad] step=1480 val=0.9960042834281921 dtype=torch.float32
[step 1480] loss=3.3565 sigma_Wh=0.6995 sigma_Wc=0.7492 holds=True lambda=0.503 gamma=7.3526e-02 (1183.6s)
  [gamma.grad] step=1481 val=-0.9988455176353455 dtype=torch.float32
  [gamma.grad] step=1482 val=0.9978158473968506 dtype=torch.float32
  [gamma.grad] step=1483 val=-0.9972608685493469 dtype=torch.float32
  [gamma.grad] step=1484 val=-0.9966883659362793 dtype=torch.float32
  [gamma.grad] step=1485 val=0.9965816736221313 dtype=torch.float32
  [gamma.grad] step=1486 val=0.595180869102478 dtype=torch.float32
  [gamma.grad] step=1487 val=0.2976020872592926 dtype=torch.float32
  [gamma.grad] step=1488 val=0.09937059879302979 dtype=torch.float32
  [gamma.grad] step=1489 val=0.9980916976928711 dtype=torch.float32
  [gamma.grad] step=1490 val=0.6356572508811951 dtype=torch.float32
[step 1490] loss=1.4546 sigma_Wh=0.6996 sigma_Wc=0.7493 holds=True lambda=0.504 gamma=7.3416e-02 (1191.7s)
  [gamma.grad] step=1491 val=-0.2830441892147064 dtype=torch.float32
  [gamma.grad] step=1492 val=0.9964199066162109 dtype=torch.float32
  [gamma.grad] step=1493 val=-0.9876086711883545 dtype=torch.float32
  [gamma.grad] step=1494 val=0.027275562286376953 dtype=torch.float32
  [gamma.grad] step=1495 val=-0.9840733408927917 dtype=torch.float32
  [gamma.grad] step=1496 val=0.059696972370147705 dtype=torch.float32
  [gamma.grad] step=1497 val=0.9969779849052429 dtype=torch.float32
  [gamma.grad] step=1498 val=-0.9840368628501892 dtype=torch.float32
  [gamma.grad] step=1499 val=-0.8267459273338318 dtype=torch.float32
  [gamma.grad] step=1500 val=-0.9906450510025024 dtype=torch.float32
[step 1500] loss=3.6376 sigma_Wh=0.6998 sigma_Wc=0.7494 holds=True lambda=0.504 gamma=7.3336e-02 (1199.8s)
  [gamma.grad] step=1501 val=-0.9879946708679199 dtype=torch.float32
  [gamma.grad] step=1502 val=-0.8450777530670166 dtype=torch.float32
  [gamma.grad] step=1503 val=0.9983121156692505 dtype=torch.float32
  [gamma.grad] step=1504 val=0.6780263781547546 dtype=torch.float32
  [gamma.grad] step=1505 val=0.8974134922027588 dtype=torch.float32
  [gamma.grad] step=1506 val=-0.9982650279998779 dtype=torch.float32
  [gamma.grad] step=1507 val=0.9950366020202637 dtype=torch.float32
  [gamma.grad] step=1508 val=0.9948757290840149 dtype=torch.float32
  [gamma.grad] step=1509 val=0.5355223417282104 dtype=torch.float32
  [gamma.grad] step=1510 val=-0.9990299344062805 dtype=torch.float32
[step 1510] loss=1.8463 sigma_Wh=0.6998 sigma_Wc=0.7494 holds=True lambda=0.504 gamma=7.3404e-02 (1208.1s)
  [gamma.grad] step=1511 val=-0.9995197653770447 dtype=torch.float32
  [gamma.grad] step=1512 val=-0.9993180632591248 dtype=torch.float32
  [gamma.grad] step=1513 val=-0.9115538597106934 dtype=torch.float32
  [gamma.grad] step=1514 val=0.9820241332054138 dtype=torch.float32
  [gamma.grad] step=1515 val=0.7421248555183411 dtype=torch.float32
  [gamma.grad] step=1516 val=0.6080130338668823 dtype=torch.float32
  [gamma.grad] step=1517 val=-0.6283825039863586 dtype=torch.float32
  [gamma.grad] step=1518 val=0.595158576965332 dtype=torch.float32
  [gamma.grad] step=1519 val=-0.6252998113632202 dtype=torch.float32
  [gamma.grad] step=1520 val=-0.19411882758140564 dtype=torch.float32
[step 1520] loss=2.5930 sigma_Wh=0.6998 sigma_Wc=0.7495 holds=True lambda=0.504 gamma=7.3478e-02 (1216.4s)
  [gamma.grad] step=1521 val=-0.9925618171691895 dtype=torch.float32
  [gamma.grad] step=1522 val=-0.9910371899604797 dtype=torch.float32
  [gamma.grad] step=1523 val=-0.007591038942337036 dtype=torch.float32
  [gamma.grad] step=1524 val=-0.9979045987129211 dtype=torch.float32
  [gamma.grad] step=1525 val=0.992034912109375 dtype=torch.float32
  [gamma.grad] step=1526 val=0.9772264957427979 dtype=torch.float32
  [gamma.grad] step=1527 val=-0.9958264231681824 dtype=torch.float32
  [gamma.grad] step=1528 val=-0.988653302192688 dtype=torch.float32
  [gamma.grad] step=1529 val=-0.9959229230880737 dtype=torch.float32
  [gamma.grad] step=1530 val=0.9940222501754761 dtype=torch.float32
[step 1530] loss=2.4037 sigma_Wh=0.6998 sigma_Wc=0.7495 holds=True lambda=0.504 gamma=7.3703e-02 (1224.7s)
  [gamma.grad] step=1531 val=-0.9968788027763367 dtype=torch.float32
  [gamma.grad] step=1532 val=-0.998838484287262 dtype=torch.float32
  [gamma.grad] step=1533 val=0.9956691265106201 dtype=torch.float32
  [gamma.grad] step=1534 val=0.9928601384162903 dtype=torch.float32
  [gamma.grad] step=1535 val=-0.9851129651069641 dtype=torch.float32
  [gamma.grad] step=1536 val=0.9854391813278198 dtype=torch.float32
  [gamma.grad] step=1537 val=-0.5495517253875732 dtype=torch.float32
  [gamma.grad] step=1538 val=-0.997290313243866 dtype=torch.float32
  [gamma.grad] step=1539 val=0.9937613606452942 dtype=torch.float32
  [gamma.grad] step=1540 val=0.9960803985595703 dtype=torch.float32
[step 1540] loss=3.1428 sigma_Wh=0.6997 sigma_Wc=0.7496 holds=True lambda=0.504 gamma=7.3870e-02 (1232.9s)
  [gamma.grad] step=1541 val=0.547423243522644 dtype=torch.float32
  [gamma.grad] step=1542 val=0.9921784400939941 dtype=torch.float32
  [gamma.grad] step=1543 val=-0.9977756142616272 dtype=torch.float32
  [gamma.grad] step=1544 val=-0.17001229524612427 dtype=torch.float32
  [gamma.grad] step=1545 val=-0.997811496257782 dtype=torch.float32
  [gamma.grad] step=1546 val=-0.9976613521575928 dtype=torch.float32
  [gamma.grad] step=1547 val=-0.4696366488933563 dtype=torch.float32
  [gamma.grad] step=1548 val=-0.9987038969993591 dtype=torch.float32
  [gamma.grad] step=1549 val=0.5792657136917114 dtype=torch.float32
  [gamma.grad] step=1550 val=-0.9984623193740845 dtype=torch.float32
[step 1550] loss=3.1551 sigma_Wh=0.6997 sigma_Wc=0.7497 holds=True lambda=0.504 gamma=7.3964e-02 (1241.1s)
  [gamma.grad] step=1551 val=-0.007157564163208008 dtype=torch.float32
  [gamma.grad] step=1552 val=-0.9987159967422485 dtype=torch.float32
  [gamma.grad] step=1553 val=-0.9909234642982483 dtype=torch.float32
  [gamma.grad] step=1554 val=-0.9989827275276184 dtype=torch.float32
  [gamma.grad] step=1555 val=0.3738475441932678 dtype=torch.float32
  [gamma.grad] step=1556 val=0.22647279500961304 dtype=torch.float32
  [gamma.grad] step=1557 val=-0.06267958879470825 dtype=torch.float32
  [gamma.grad] step=1558 val=0.6795677542686462 dtype=torch.float32
  [gamma.grad] step=1559 val=-0.9981838464736938 dtype=torch.float32
  [gamma.grad] step=1560 val=-0.9243588447570801 dtype=torch.float32
[step 1560] loss=2.1944 sigma_Wh=0.6996 sigma_Wc=0.7496 holds=True lambda=0.504 gamma=7.4333e-02 (1249.2s)
  [gamma.grad] step=1561 val=-0.9993035793304443 dtype=torch.float32
  [gamma.grad] step=1562 val=-0.9982061982154846 dtype=torch.float32
  [gamma.grad] step=1563 val=0.996759295463562 dtype=torch.float32
  [gamma.grad] step=1564 val=-0.23950503766536713 dtype=torch.float32
  [gamma.grad] step=1565 val=0.9948458075523376 dtype=torch.float32
  [gamma.grad] step=1566 val=-0.84519362449646 dtype=torch.float32
  [gamma.grad] step=1567 val=-0.21091604232788086 dtype=torch.float32
  [gamma.grad] step=1568 val=0.26561427116394043 dtype=torch.float32
  [gamma.grad] step=1569 val=0.6696583032608032 dtype=torch.float32
  [gamma.grad] step=1570 val=0.9220643639564514 dtype=torch.float32
[step 1570] loss=2.3469 sigma_Wh=0.6995 sigma_Wc=0.7495 holds=True lambda=0.504 gamma=7.4620e-02 (1257.4s)
  [gamma.grad] step=1571 val=-0.9964576959609985 dtype=torch.float32
  [gamma.grad] step=1572 val=-0.44213420152664185 dtype=torch.float32
  [gamma.grad] step=1573 val=-0.21839873492717743 dtype=torch.float32
  [gamma.grad] step=1574 val=-0.9995319843292236 dtype=torch.float32
  [gamma.grad] step=1575 val=0.9967821836471558 dtype=torch.float32
  [gamma.grad] step=1576 val=0.4305689334869385 dtype=torch.float32
  [gamma.grad] step=1577 val=-0.9269494414329529 dtype=torch.float32
  [gamma.grad] step=1578 val=-0.7201508283615112 dtype=torch.float32
  [gamma.grad] step=1579 val=0.7465581893920898 dtype=torch.float32
  [gamma.grad] step=1580 val=-0.9937356114387512 dtype=torch.float32
[step 1580] loss=3.4236 sigma_Wh=0.6994 sigma_Wc=0.7495 holds=True lambda=0.504 gamma=7.4786e-02 (1265.5s)
  [gamma.grad] step=1581 val=-0.9914405941963196 dtype=torch.float32
  [gamma.grad] step=1582 val=-0.5983387231826782 dtype=torch.float32
  [gamma.grad] step=1583 val=-0.7409785389900208 dtype=torch.float32
  [gamma.grad] step=1584 val=0.9950368404388428 dtype=torch.float32
  [gamma.grad] step=1585 val=-0.04184442758560181 dtype=torch.float32
  [gamma.grad] step=1586 val=-0.994308352470398 dtype=torch.float32
  [gamma.grad] step=1587 val=0.3731987476348877 dtype=torch.float32
  [gamma.grad] step=1588 val=0.5005680918693542 dtype=torch.float32
  [gamma.grad] step=1589 val=-0.9982487559318542 dtype=torch.float32
  [gamma.grad] step=1590 val=0.9986755847930908 dtype=torch.float32
[step 1590] loss=1.9713 sigma_Wh=0.6995 sigma_Wc=0.7495 holds=True lambda=0.504 gamma=7.5058e-02 (1273.6s)
  [gamma.grad] step=1591 val=-0.33758819103240967 dtype=torch.float32
  [gamma.grad] step=1592 val=0.9975965023040771 dtype=torch.float32
  [gamma.grad] step=1593 val=0.07645335048437119 dtype=torch.float32
  [gamma.grad] step=1594 val=-0.2891392707824707 dtype=torch.float32
  [gamma.grad] step=1595 val=-0.9983838200569153 dtype=torch.float32
  [gamma.grad] step=1596 val=0.9946292638778687 dtype=torch.float32
  [gamma.grad] step=1597 val=-0.7351270318031311 dtype=torch.float32
  [gamma.grad] step=1598 val=-0.9988692998886108 dtype=torch.float32
  [gamma.grad] step=1599 val=0.7164649963378906 dtype=torch.float32
  [gamma.grad] step=1600 val=-0.9878020882606506 dtype=torch.float32
[step 1600] loss=1.0804 sigma_Wh=0.6995 sigma_Wc=0.7495 holds=True lambda=0.504 gamma=7.5161e-02 (1281.3s)
[ckpt] runs/stage1_hybrid/ckpt_1600.pt
  [gamma.grad] step=1601 val=0.32455939054489136 dtype=torch.float32
  [gamma.grad] step=1602 val=0.996124804019928 dtype=torch.float32
  [gamma.grad] step=1603 val=-0.9990888833999634 dtype=torch.float32
  [gamma.grad] step=1604 val=-0.9774899482727051 dtype=torch.float32
  [gamma.grad] step=1605 val=-0.0713341236114502 dtype=torch.float32
  [gamma.grad] step=1606 val=-0.9961847066879272 dtype=torch.float32
  [gamma.grad] step=1607 val=-0.36250144243240356 dtype=torch.float32
  [gamma.grad] step=1608 val=0.08056993782520294 dtype=torch.float32
  [gamma.grad] step=1609 val=0.9790725111961365 dtype=torch.float32
  [gamma.grad] step=1610 val=-0.9917264580726624 dtype=torch.float32
[step 1610] loss=2.0606 sigma_Wh=0.6994 sigma_Wc=0.7495 holds=True lambda=0.504 gamma=7.5372e-02 (1292.4s)
  [gamma.grad] step=1611 val=0.27645963430404663 dtype=torch.float32
  [gamma.grad] step=1612 val=0.7029428482055664 dtype=torch.float32
  [gamma.grad] step=1613 val=-0.9988964200019836 dtype=torch.float32
  [gamma.grad] step=1614 val=0.9922201633453369 dtype=torch.float32
  [gamma.grad] step=1615 val=-0.8285079002380371 dtype=torch.float32
  [gamma.grad] step=1616 val=-0.98123699426651 dtype=torch.float32
  [gamma.grad] step=1617 val=0.7773424983024597 dtype=torch.float32
  [gamma.grad] step=1618 val=0.49430274963378906 dtype=torch.float32
  [gamma.grad] step=1619 val=0.6687997579574585 dtype=torch.float32
  [gamma.grad] step=1620 val=0.9905557036399841 dtype=torch.float32
[step 1620] loss=2.0240 sigma_Wh=0.6993 sigma_Wc=0.7495 holds=True lambda=0.504 gamma=7.5469e-02 (1299.8s)
  [gamma.grad] step=1621 val=-0.9975119829177856 dtype=torch.float32
  [gamma.grad] step=1622 val=-0.9979256987571716 dtype=torch.float32
  [gamma.grad] step=1623 val=-0.9955109357833862 dtype=torch.float32
  [gamma.grad] step=1624 val=0.9933681488037109 dtype=torch.float32
  [gamma.grad] step=1625 val=-0.6136046648025513 dtype=torch.float32
  [gamma.grad] step=1626 val=-0.781269907951355 dtype=torch.float32
  [gamma.grad] step=1627 val=-0.9892202019691467 dtype=torch.float32
  [gamma.grad] step=1628 val=-0.9814427495002747 dtype=torch.float32
  [gamma.grad] step=1629 val=-0.9990042448043823 dtype=torch.float32
  [gamma.grad] step=1630 val=0.9973711967468262 dtype=torch.float32
[step 1630] loss=1.8184 sigma_Wh=0.6992 sigma_Wc=0.7495 holds=True lambda=0.504 gamma=7.5699e-02 (1307.4s)
  [gamma.grad] step=1631 val=0.23026926815509796 dtype=torch.float32
  [gamma.grad] step=1632 val=0.9923275113105774 dtype=torch.float32
  [gamma.grad] step=1633 val=-0.5184218287467957 dtype=torch.float32
  [gamma.grad] step=1634 val=0.9982688426971436 dtype=torch.float32
  [gamma.grad] step=1635 val=-0.9900457859039307 dtype=torch.float32
  [gamma.grad] step=1636 val=-0.9986063838005066 dtype=torch.float32
  [gamma.grad] step=1637 val=-0.05095447599887848 dtype=torch.float32
  [gamma.grad] step=1638 val=-0.11022591590881348 dtype=torch.float32
  [gamma.grad] step=1639 val=-0.14580076932907104 dtype=torch.float32
  [gamma.grad] step=1640 val=0.9971498250961304 dtype=torch.float32
[step 1640] loss=4.0373 sigma_Wh=0.6992 sigma_Wc=0.7495 holds=True lambda=0.504 gamma=7.5867e-02 (1314.9s)
  [gamma.grad] step=1641 val=0.9934124946594238 dtype=torch.float32
  [gamma.grad] step=1642 val=-0.9968528747558594 dtype=torch.float32
  [gamma.grad] step=1643 val=-0.997514009475708 dtype=torch.float32
  [gamma.grad] step=1644 val=-0.9993621110916138 dtype=torch.float32
  [gamma.grad] step=1645 val=-0.9990924000740051 dtype=torch.float32
  [gamma.grad] step=1646 val=0.6315209865570068 dtype=torch.float32
  [gamma.grad] step=1647 val=0.8294009566307068 dtype=torch.float32
  [gamma.grad] step=1648 val=0.9986573457717896 dtype=torch.float32
  [gamma.grad] step=1649 val=-0.23235785961151123 dtype=torch.float32
  [gamma.grad] step=1650 val=-0.9896669983863831 dtype=torch.float32
[step 1650] loss=2.2018 sigma_Wh=0.6991 sigma_Wc=0.7495 holds=True lambda=0.504 gamma=7.6012e-02 (1322.5s)
  [gamma.grad] step=1651 val=0.9930673837661743 dtype=torch.float32
  [gamma.grad] step=1652 val=-0.9992547035217285 dtype=torch.float32
  [gamma.grad] step=1653 val=0.1051514744758606 dtype=torch.float32
  [gamma.grad] step=1654 val=-0.9995031356811523 dtype=torch.float32
  [gamma.grad] step=1655 val=0.6228547096252441 dtype=torch.float32
  [gamma.grad] step=1656 val=0.5339620113372803 dtype=torch.float32
  [gamma.grad] step=1657 val=0.9981151223182678 dtype=torch.float32
  [gamma.grad] step=1658 val=-0.9987965822219849 dtype=torch.float32
  [gamma.grad] step=1659 val=-0.992344856262207 dtype=torch.float32
  [gamma.grad] step=1660 val=-0.9861458539962769 dtype=torch.float32
[step 1660] loss=3.3274 sigma_Wh=0.6991 sigma_Wc=0.7495 holds=True lambda=0.504 gamma=7.6113e-02 (1330.1s)
  [gamma.grad] step=1661 val=0.4646906852722168 dtype=torch.float32
  [gamma.grad] step=1662 val=-0.7565349340438843 dtype=torch.float32
  [gamma.grad] step=1663 val=-0.9883357286453247 dtype=torch.float32
  [gamma.grad] step=1664 val=0.9469049572944641 dtype=torch.float32
  [gamma.grad] step=1665 val=0.1674140989780426 dtype=torch.float32
  [gamma.grad] step=1666 val=-0.033429741859436035 dtype=torch.float32
  [gamma.grad] step=1667 val=-0.9974380135536194 dtype=torch.float32
  [gamma.grad] step=1668 val=-0.05231442302465439 dtype=torch.float32
  [gamma.grad] step=1669 val=-0.6162011027336121 dtype=torch.float32
  [gamma.grad] step=1670 val=0.6505779027938843 dtype=torch.float32
[step 1670] loss=2.2361 sigma_Wh=0.6989 sigma_Wc=0.7494 holds=True lambda=0.504 gamma=7.6334e-02 (1338.2s)
  [gamma.grad] step=1671 val=-0.38230177760124207 dtype=torch.float32
  [gamma.grad] step=1672 val=-0.9985094666481018 dtype=torch.float32
  [gamma.grad] step=1673 val=0.9948488473892212 dtype=torch.float32
  [gamma.grad] step=1674 val=0.9533465504646301 dtype=torch.float32
  [gamma.grad] step=1675 val=0.6975454688072205 dtype=torch.float32
  [gamma.grad] step=1676 val=0.9979950785636902 dtype=torch.float32
  [gamma.grad] step=1677 val=0.9993923902511597 dtype=torch.float32
  [gamma.grad] step=1678 val=-0.9891166090965271 dtype=torch.float32
  [gamma.grad] step=1679 val=0.9983106255531311 dtype=torch.float32
  [gamma.grad] step=1680 val=-0.9916361570358276 dtype=torch.float32
[step 1680] loss=2.8016 sigma_Wh=0.6987 sigma_Wc=0.7494 holds=True lambda=0.503 gamma=7.6306e-02 (1346.4s)
  [gamma.grad] step=1681 val=-0.10514175891876221 dtype=torch.float32
  [gamma.grad] step=1682 val=0.2833048105239868 dtype=torch.float32
  [gamma.grad] step=1683 val=-0.999430239200592 dtype=torch.float32
  [gamma.grad] step=1684 val=0.7320947647094727 dtype=torch.float32
  [gamma.grad] step=1685 val=0.9933732748031616 dtype=torch.float32
  [gamma.grad] step=1686 val=-0.2339646816253662 dtype=torch.float32
  [gamma.grad] step=1687 val=0.9826499819755554 dtype=torch.float32
  [gamma.grad] step=1688 val=-0.118649423122406 dtype=torch.float32
  [gamma.grad] step=1689 val=-0.9931465983390808 dtype=torch.float32
  [gamma.grad] step=1690 val=-0.13666558265686035 dtype=torch.float32
[step 1690] loss=1.6273 sigma_Wh=0.6986 sigma_Wc=0.7494 holds=True lambda=0.503 gamma=7.6204e-02 (1354.5s)
  [gamma.grad] step=1691 val=0.9709233641624451 dtype=torch.float32
  [gamma.grad] step=1692 val=-0.9941585063934326 dtype=torch.float32
  [gamma.grad] step=1693 val=-0.9863179922103882 dtype=torch.float32
  [gamma.grad] step=1694 val=-0.9904832243919373 dtype=torch.float32
  [gamma.grad] step=1695 val=-0.2789992094039917 dtype=torch.float32
  [gamma.grad] step=1696 val=-0.9983815550804138 dtype=torch.float32
  [gamma.grad] step=1697 val=-0.9987485408782959 dtype=torch.float32
  [gamma.grad] step=1698 val=0.9936565160751343 dtype=torch.float32
  [gamma.grad] step=1699 val=0.9973887801170349 dtype=torch.float32
  [gamma.grad] step=1700 val=-0.5394912362098694 dtype=torch.float32
[step 1700] loss=0.4827 sigma_Wh=0.6986 sigma_Wc=0.7494 holds=True lambda=0.503 gamma=7.6366e-02 (1362.6s)
  [gamma.grad] step=1701 val=-0.9901196956634521 dtype=torch.float32
  [gamma.grad] step=1702 val=-0.9955183863639832 dtype=torch.float32
  [gamma.grad] step=1703 val=-0.9886568784713745 dtype=torch.float32
  [gamma.grad] step=1704 val=0.5692938566207886 dtype=torch.float32
  [gamma.grad] step=1705 val=-0.4189174175262451 dtype=torch.float32
  [gamma.grad] step=1706 val=0.49416065216064453 dtype=torch.float32
  [gamma.grad] step=1707 val=-0.9994205236434937 dtype=torch.float32
  [gamma.grad] step=1708 val=0.4378611743450165 dtype=torch.float32
  [gamma.grad] step=1709 val=-0.9783251285552979 dtype=torch.float32
  [gamma.grad] step=1710 val=-0.9939525723457336 dtype=torch.float32
[step 1710] loss=1.4476 sigma_Wh=0.6985 sigma_Wc=0.7494 holds=True lambda=0.503 gamma=7.6700e-02 (1370.7s)
  [gamma.grad] step=1711 val=0.9985792636871338 dtype=torch.float32
  [gamma.grad] step=1712 val=0.9974233508110046 dtype=torch.float32
  [gamma.grad] step=1713 val=0.5645549893379211 dtype=torch.float32
  [gamma.grad] step=1714 val=0.9978036880493164 dtype=torch.float32
  [gamma.grad] step=1715 val=-0.9990881681442261 dtype=torch.float32
  [gamma.grad] step=1716 val=-0.9980316758155823 dtype=torch.float32
  [gamma.grad] step=1717 val=0.49190232157707214 dtype=torch.float32
  [gamma.grad] step=1718 val=-0.4615532159805298 dtype=torch.float32
  [gamma.grad] step=1719 val=-0.6540490388870239 dtype=torch.float32
  [gamma.grad] step=1720 val=-0.9992713332176208 dtype=torch.float32
[step 1720] loss=3.4679 sigma_Wh=0.6986 sigma_Wc=0.7494 holds=True lambda=0.503 gamma=7.6828e-02 (1378.9s)
  [gamma.grad] step=1721 val=0.7474311590194702 dtype=torch.float32
  [gamma.grad] step=1722 val=-0.9984670281410217 dtype=torch.float32
  [gamma.grad] step=1723 val=0.9915053844451904 dtype=torch.float32
  [gamma.grad] step=1724 val=0.04195454716682434 dtype=torch.float32
  [gamma.grad] step=1725 val=0.08973044157028198 dtype=torch.float32
  [gamma.grad] step=1726 val=-0.09892892837524414 dtype=torch.float32
  [gamma.grad] step=1727 val=0.4561607837677002 dtype=torch.float32
  [gamma.grad] step=1728 val=0.9989266395568848 dtype=torch.float32
  [gamma.grad] step=1729 val=-0.9929661154747009 dtype=torch.float32
  [gamma.grad] step=1730 val=-0.8530721664428711 dtype=torch.float32
[step 1730] loss=3.6326 sigma_Wh=0.6987 sigma_Wc=0.7494 holds=True lambda=0.503 gamma=7.6928e-02 (1387.1s)
  [gamma.grad] step=1731 val=-0.7952470779418945 dtype=torch.float32
  [gamma.grad] step=1732 val=-0.7458801865577698 dtype=torch.float32
  [gamma.grad] step=1733 val=-0.9952034950256348 dtype=torch.float32
  [gamma.grad] step=1734 val=-0.2759387493133545 dtype=torch.float32
  [gamma.grad] step=1735 val=-0.9995291233062744 dtype=torch.float32
  [gamma.grad] step=1736 val=0.484068363904953 dtype=torch.float32
  [gamma.grad] step=1737 val=-0.9888377785682678 dtype=torch.float32
  [gamma.grad] step=1738 val=-0.9901034235954285 dtype=torch.float32
  [gamma.grad] step=1739 val=-0.9827023148536682 dtype=torch.float32
  [gamma.grad] step=1740 val=-0.9925391674041748 dtype=torch.float32
[step 1740] loss=2.1559 sigma_Wh=0.6988 sigma_Wc=0.7494 holds=True lambda=0.503 gamma=7.7347e-02 (1394.8s)
  [gamma.grad] step=1741 val=-0.9935550689697266 dtype=torch.float32
  [gamma.grad] step=1742 val=0.009873569011688232 dtype=torch.float32
  [gamma.grad] step=1743 val=-0.9925276041030884 dtype=torch.float32
  [gamma.grad] step=1744 val=-0.9767568111419678 dtype=torch.float32
  [gamma.grad] step=1745 val=0.996347188949585 dtype=torch.float32
  [gamma.grad] step=1746 val=-0.9990658164024353 dtype=torch.float32
  [gamma.grad] step=1747 val=-0.04627048969268799 dtype=torch.float32
  [gamma.grad] step=1748 val=-0.9914000630378723 dtype=torch.float32
  [gamma.grad] step=1749 val=0.6970348358154297 dtype=torch.float32
  [gamma.grad] step=1750 val=0.9978917241096497 dtype=torch.float32
[step 1750] loss=2.4261 sigma_Wh=0.6988 sigma_Wc=0.7493 holds=True lambda=0.503 gamma=7.7921e-02 (1402.4s)
  [gamma.grad] step=1751 val=0.5082875490188599 dtype=torch.float32
  [gamma.grad] step=1752 val=0.5628747940063477 dtype=torch.float32
  [gamma.grad] step=1753 val=-0.9978944659233093 dtype=torch.float32
  [gamma.grad] step=1754 val=-0.9950194358825684 dtype=torch.float32
  [gamma.grad] step=1755 val=-0.7058778405189514 dtype=torch.float32
  [gamma.grad] step=1756 val=-0.9872076511383057 dtype=torch.float32
  [gamma.grad] step=1757 val=-0.9984742403030396 dtype=torch.float32
  [gamma.grad] step=1758 val=-0.9914534687995911 dtype=torch.float32
  [gamma.grad] step=1759 val=0.9092726707458496 dtype=torch.float32
  [gamma.grad] step=1760 val=-0.9916462302207947 dtype=torch.float32
[step 1760] loss=1.6579 sigma_Wh=0.6988 sigma_Wc=0.7492 holds=True lambda=0.503 gamma=7.8297e-02 (1410.5s)
  [gamma.grad] step=1761 val=-0.9976328015327454 dtype=torch.float32
  [gamma.grad] step=1762 val=-0.9990819692611694 dtype=torch.float32
  [gamma.grad] step=1763 val=0.9988734126091003 dtype=torch.float32
  [gamma.grad] step=1764 val=-0.9986017346382141 dtype=torch.float32
  [gamma.grad] step=1765 val=-0.9990841150283813 dtype=torch.float32
  [gamma.grad] step=1766 val=-0.9976023435592651 dtype=torch.float32
  [gamma.grad] step=1767 val=0.9958884716033936 dtype=torch.float32
  [gamma.grad] step=1768 val=-0.8935763835906982 dtype=torch.float32
  [gamma.grad] step=1769 val=-0.9975243806838989 dtype=torch.float32
  [gamma.grad] step=1770 val=-0.9965596199035645 dtype=torch.float32
[step 1770] loss=2.9254 sigma_Wh=0.6988 sigma_Wc=0.7492 holds=True lambda=0.503 gamma=7.8861e-02 (1418.8s)
  [gamma.grad] step=1771 val=0.7585011124610901 dtype=torch.float32
  [gamma.grad] step=1772 val=0.13615024089813232 dtype=torch.float32
  [gamma.grad] step=1773 val=0.41258543729782104 dtype=torch.float32
  [gamma.grad] step=1774 val=0.9979956150054932 dtype=torch.float32
  [gamma.grad] step=1775 val=-0.17583253979682922 dtype=torch.float32
  [gamma.grad] step=1776 val=0.18103677034378052 dtype=torch.float32
  [gamma.grad] step=1777 val=-0.9931342601776123 dtype=torch.float32
  [gamma.grad] step=1778 val=-0.996165931224823 dtype=torch.float32
  [gamma.grad] step=1779 val=-0.9969862103462219 dtype=torch.float32
  [gamma.grad] step=1780 val=-0.9996486902236938 dtype=torch.float32
[step 1780] loss=4.5113 sigma_Wh=0.6988 sigma_Wc=0.7491 holds=True lambda=0.503 gamma=7.9192e-02 (1427.0s)
  [gamma.grad] step=1781 val=0.9934143424034119 dtype=torch.float32
  [gamma.grad] step=1782 val=0.9654862880706787 dtype=torch.float32
  [gamma.grad] step=1783 val=0.9929007291793823 dtype=torch.float32
  [gamma.grad] step=1784 val=-0.9990689754486084 dtype=torch.float32
  [gamma.grad] step=1785 val=0.5884784460067749 dtype=torch.float32
  [gamma.grad] step=1786 val=-0.999104380607605 dtype=torch.float32
  [gamma.grad] step=1787 val=-0.9980705976486206 dtype=torch.float32
  [gamma.grad] step=1788 val=-0.9983879923820496 dtype=torch.float32
  [gamma.grad] step=1789 val=-0.4350254535675049 dtype=torch.float32
  [gamma.grad] step=1790 val=-0.05246603488922119 dtype=torch.float32
[step 1790] loss=2.5541 sigma_Wh=0.6989 sigma_Wc=0.7492 holds=True lambda=0.503 gamma=7.9434e-02 (1435.0s)
  [gamma.grad] step=1791 val=-0.9990032315254211 dtype=torch.float32
  [gamma.grad] step=1792 val=-0.998974621295929 dtype=torch.float32
  [gamma.grad] step=1793 val=0.9942141175270081 dtype=torch.float32
  [gamma.grad] step=1794 val=-0.9986245036125183 dtype=torch.float32
  [gamma.grad] step=1795 val=-0.46902623772621155 dtype=torch.float32
  [gamma.grad] step=1796 val=0.2440555989742279 dtype=torch.float32
  [gamma.grad] step=1797 val=0.9968522787094116 dtype=torch.float32
  [gamma.grad] step=1798 val=0.9980484843254089 dtype=torch.float32
  [gamma.grad] step=1799 val=-0.40314072370529175 dtype=torch.float32
  [gamma.grad] step=1800 val=-0.5575888752937317 dtype=torch.float32
[step 1800] loss=0.1127 sigma_Wh=0.6990 sigma_Wc=0.7493 holds=True lambda=0.503 gamma=7.9746e-02 (1443.1s)
[ckpt] runs/stage1_hybrid/ckpt_1800.pt
  [gamma.grad] step=1801 val=-0.9984539747238159 dtype=torch.float32
  [gamma.grad] step=1802 val=0.9937213063240051 dtype=torch.float32
  [gamma.grad] step=1803 val=0.1164776086807251 dtype=torch.float32
  [gamma.grad] step=1804 val=-0.39565473794937134 dtype=torch.float32
  [gamma.grad] step=1805 val=-0.9994755983352661 dtype=torch.float32
  [gamma.grad] step=1806 val=0.38293731212615967 dtype=torch.float32
  [gamma.grad] step=1807 val=-0.49492233991622925 dtype=torch.float32
  [gamma.grad] step=1808 val=0.3684272766113281 dtype=torch.float32
  [gamma.grad] step=1809 val=-0.9915815591812134 dtype=torch.float32
  [gamma.grad] step=1810 val=0.43621426820755005 dtype=torch.float32
[step 1810] loss=1.8893 sigma_Wh=0.6991 sigma_Wc=0.7493 holds=True lambda=0.503 gamma=7.9929e-02 (1454.9s)
  [gamma.grad] step=1811 val=-0.9822024703025818 dtype=torch.float32
  [gamma.grad] step=1812 val=-0.9531264305114746 dtype=torch.float32
  [gamma.grad] step=1813 val=-0.9988020658493042 dtype=torch.float32
  [gamma.grad] step=1814 val=-0.9965808987617493 dtype=torch.float32
  [gamma.grad] step=1815 val=-0.9981586933135986 dtype=torch.float32
  [gamma.grad] step=1816 val=0.30642324686050415 dtype=torch.float32
  [gamma.grad] step=1817 val=0.6553382277488708 dtype=torch.float32
  [gamma.grad] step=1818 val=-0.4853767156600952 dtype=torch.float32
  [gamma.grad] step=1819 val=0.9979173541069031 dtype=torch.float32
  [gamma.grad] step=1820 val=-0.9978668093681335 dtype=torch.float32
[step 1820] loss=0.4442 sigma_Wh=0.6990 sigma_Wc=0.7493 holds=True lambda=0.503 gamma=8.0326e-02 (1462.9s)
  [gamma.grad] step=1821 val=-0.9997327327728271 dtype=torch.float32
  [gamma.grad] step=1822 val=-0.2736752927303314 dtype=torch.float32
  [gamma.grad] step=1823 val=0.9805082678794861 dtype=torch.float32
  [gamma.grad] step=1824 val=-0.9991259574890137 dtype=torch.float32
  [gamma.grad] step=1825 val=0.9923312664031982 dtype=torch.float32
  [gamma.grad] step=1826 val=-0.9840677976608276 dtype=torch.float32
  [gamma.grad] step=1827 val=-0.9810667037963867 dtype=torch.float32
  [gamma.grad] step=1828 val=-0.9860693216323853 dtype=torch.float32
  [gamma.grad] step=1829 val=-0.9992229342460632 dtype=torch.float32
  [gamma.grad] step=1830 val=0.6157149076461792 dtype=torch.float32
[step 1830] loss=1.5883 sigma_Wh=0.6989 sigma_Wc=0.7492 holds=True lambda=0.503 gamma=8.0688e-02 (1471.1s)
  [gamma.grad] step=1831 val=-0.824184238910675 dtype=torch.float32
  [gamma.grad] step=1832 val=0.9893509149551392 dtype=torch.float32
  [gamma.grad] step=1833 val=0.2841322720050812 dtype=torch.float32
  [gamma.grad] step=1834 val=0.602897047996521 dtype=torch.float32
  [gamma.grad] step=1835 val=0.6471117734909058 dtype=torch.float32
  [gamma.grad] step=1836 val=-0.995296835899353 dtype=torch.float32
  [gamma.grad] step=1837 val=0.3414386510848999 dtype=torch.float32
  [gamma.grad] step=1838 val=0.5747578740119934 dtype=torch.float32
  [gamma.grad] step=1839 val=0.9973184466362 dtype=torch.float32
  [gamma.grad] step=1840 val=0.9972985982894897 dtype=torch.float32
[step 1840] loss=2.0489 sigma_Wh=0.6988 sigma_Wc=0.7492 holds=True lambda=0.503 gamma=8.0803e-02 (1479.1s)
  [gamma.grad] step=1841 val=0.21573671698570251 dtype=torch.float32
  [gamma.grad] step=1842 val=-0.9872162938117981 dtype=torch.float32
  [gamma.grad] step=1843 val=0.5120217800140381 dtype=torch.float32
  [gamma.grad] step=1844 val=-0.9985001087188721 dtype=torch.float32
  [gamma.grad] step=1845 val=0.45281702280044556 dtype=torch.float32
  [gamma.grad] step=1846 val=0.9943283796310425 dtype=torch.float32
  [gamma.grad] step=1847 val=-0.36883243918418884 dtype=torch.float32
  [gamma.grad] step=1848 val=0.9952123165130615 dtype=torch.float32
  [gamma.grad] step=1849 val=0.9727921485900879 dtype=torch.float32
  [gamma.grad] step=1850 val=-0.10793930292129517 dtype=torch.float32
[step 1850] loss=2.8332 sigma_Wh=0.6989 sigma_Wc=0.7493 holds=True lambda=0.503 gamma=8.0654e-02 (1487.2s)
  [gamma.grad] step=1851 val=0.983515202999115 dtype=torch.float32
  [gamma.grad] step=1852 val=-0.5378484725952148 dtype=torch.float32
  [gamma.grad] step=1853 val=0.013298004865646362 dtype=torch.float32
  [gamma.grad] step=1854 val=-0.5656609535217285 dtype=torch.float32
  [gamma.grad] step=1855 val=-0.4729931652545929 dtype=torch.float32
  [gamma.grad] step=1856 val=0.9955209493637085 dtype=torch.float32
  [gamma.grad] step=1857 val=-0.9982675313949585 dtype=torch.float32
  [gamma.grad] step=1858 val=0.9953106045722961 dtype=torch.float32
  [gamma.grad] step=1859 val=0.35653916001319885 dtype=torch.float32
  [gamma.grad] step=1860 val=0.13846182823181152 dtype=torch.float32
[step 1860] loss=2.1928 sigma_Wh=0.6991 sigma_Wc=0.7495 holds=True lambda=0.504 gamma=8.0474e-02 (1495.2s)
  [gamma.grad] step=1861 val=-0.9938885569572449 dtype=torch.float32
  [gamma.grad] step=1862 val=0.5664722919464111 dtype=torch.float32
  [gamma.grad] step=1863 val=0.1666831374168396 dtype=torch.float32
  [gamma.grad] step=1864 val=-0.9616385698318481 dtype=torch.float32
  [gamma.grad] step=1865 val=-0.7374751567840576 dtype=torch.float32
  [gamma.grad] step=1866 val=-0.9978604316711426 dtype=torch.float32
  [gamma.grad] step=1867 val=-0.26913022994995117 dtype=torch.float32
  [gamma.grad] step=1868 val=-0.8463651537895203 dtype=torch.float32
  [gamma.grad] step=1869 val=-0.24003461003303528 dtype=torch.float32
  [gamma.grad] step=1870 val=0.08363300561904907 dtype=torch.float32
[step 1870] loss=2.2877 sigma_Wh=0.6991 sigma_Wc=0.7496 holds=True lambda=0.504 gamma=8.0584e-02 (1503.3s)
  [gamma.grad] step=1871 val=-0.9967144727706909 dtype=torch.float32
  [gamma.grad] step=1872 val=-0.9889005422592163 dtype=torch.float32
  [gamma.grad] step=1873 val=-0.9970547556877136 dtype=torch.float32
  [gamma.grad] step=1874 val=0.4072234332561493 dtype=torch.float32
  [gamma.grad] step=1875 val=-0.9963263273239136 dtype=torch.float32
  [gamma.grad] step=1876 val=-0.9868284463882446 dtype=torch.float32
  [gamma.grad] step=1877 val=-0.9962952733039856 dtype=torch.float32
  [gamma.grad] step=1878 val=-0.9970517754554749 dtype=torch.float32
  [gamma.grad] step=1879 val=-0.0747537612915039 dtype=torch.float32
  [gamma.grad] step=1880 val=0.6004335880279541 dtype=torch.float32
[step 1880] loss=1.6833 sigma_Wh=0.6991 sigma_Wc=0.7495 holds=True lambda=0.504 gamma=8.1099e-02 (1511.5s)
  [gamma.grad] step=1881 val=-0.984198808670044 dtype=torch.float32
  [gamma.grad] step=1882 val=-0.9796485304832458 dtype=torch.float32
  [gamma.grad] step=1883 val=-0.9903451204299927 dtype=torch.float32
  [gamma.grad] step=1884 val=0.4160953164100647 dtype=torch.float32
  [gamma.grad] step=1885 val=0.9158772230148315 dtype=torch.float32
  [gamma.grad] step=1886 val=0.9979055523872375 dtype=torch.float32
  [gamma.grad] step=1887 val=0.9396144151687622 dtype=torch.float32
  [gamma.grad] step=1888 val=0.9926021695137024 dtype=torch.float32
  [gamma.grad] step=1889 val=-0.9969246983528137 dtype=torch.float32
  [gamma.grad] step=1890 val=0.9934287667274475 dtype=torch.float32
[step 1890] loss=2.9627 sigma_Wh=0.6989 sigma_Wc=0.7495 holds=True lambda=0.503 gamma=8.1412e-02 (1519.5s)
  [gamma.grad] step=1891 val=0.9972640872001648 dtype=torch.float32
  [gamma.grad] step=1892 val=-0.9559689164161682 dtype=torch.float32
  [gamma.grad] step=1893 val=-0.9974292516708374 dtype=torch.float32
  [gamma.grad] step=1894 val=-0.2605384588241577 dtype=torch.float32
  [gamma.grad] step=1895 val=-0.9982534646987915 dtype=torch.float32
  [gamma.grad] step=1896 val=-0.9883087277412415 dtype=torch.float32
  [gamma.grad] step=1897 val=0.7601827383041382 dtype=torch.float32
  [gamma.grad] step=1898 val=0.14591240882873535 dtype=torch.float32
  [gamma.grad] step=1899 val=-0.9958101511001587 dtype=torch.float32
  [gamma.grad] step=1900 val=-0.9969342350959778 dtype=torch.float32
[step 1900] loss=6.1039 sigma_Wh=0.6988 sigma_Wc=0.7494 holds=True lambda=0.503 gamma=8.1570e-02 (1527.6s)
  [gamma.grad] step=1901 val=-0.9966045022010803 dtype=torch.float32
  [gamma.grad] step=1902 val=0.9975312948226929 dtype=torch.float32
  [gamma.grad] step=1903 val=0.37693920731544495 dtype=torch.float32
  [gamma.grad] step=1904 val=0.1670895218849182 dtype=torch.float32
  [gamma.grad] step=1905 val=0.005004808306694031 dtype=torch.float32
  [gamma.grad] step=1906 val=0.9880437254905701 dtype=torch.float32
  [gamma.grad] step=1907 val=0.8589914441108704 dtype=torch.float32
  [gamma.grad] step=1908 val=-0.7871509790420532 dtype=torch.float32
  [gamma.grad] step=1909 val=0.9909193515777588 dtype=torch.float32
  [gamma.grad] step=1910 val=-0.7367312908172607 dtype=torch.float32
[step 1910] loss=3.2475 sigma_Wh=0.6987 sigma_Wc=0.7493 holds=True lambda=0.503 gamma=8.1675e-02 (1535.7s)
  [gamma.grad] step=1911 val=-0.9977103471755981 dtype=torch.float32
  [gamma.grad] step=1912 val=0.9910739064216614 dtype=torch.float32
  [gamma.grad] step=1913 val=-0.9824322462081909 dtype=torch.float32
  [gamma.grad] step=1914 val=0.6541571617126465 dtype=torch.float32
  [gamma.grad] step=1915 val=-0.9966625571250916 dtype=torch.float32
  [gamma.grad] step=1916 val=-0.5781005620956421 dtype=torch.float32
  [gamma.grad] step=1917 val=-0.9828281998634338 dtype=torch.float32
  [gamma.grad] step=1918 val=0.994480550289154 dtype=torch.float32
  [gamma.grad] step=1919 val=0.6919537782669067 dtype=torch.float32
  [gamma.grad] step=1920 val=0.9942289590835571 dtype=torch.float32
[step 1920] loss=2.1492 sigma_Wh=0.6988 sigma_Wc=0.7493 holds=True lambda=0.503 gamma=8.1766e-02 (1543.8s)
  [gamma.grad] step=1921 val=0.4620775580406189 dtype=torch.float32
  [gamma.grad] step=1922 val=0.9978169202804565 dtype=torch.float32
  [gamma.grad] step=1923 val=-0.9976871013641357 dtype=torch.float32
  [gamma.grad] step=1924 val=-0.9993019104003906 dtype=torch.float32
  [gamma.grad] step=1925 val=0.9991686940193176 dtype=torch.float32
  [gamma.grad] step=1926 val=-0.8634969592094421 dtype=torch.float32
  [gamma.grad] step=1927 val=-0.4725865125656128 dtype=torch.float32
  [gamma.grad] step=1928 val=0.994665801525116 dtype=torch.float32
  [gamma.grad] step=1929 val=0.014764506369829178 dtype=torch.float32
  [gamma.grad] step=1930 val=0.15360984206199646 dtype=torch.float32
[step 1930] loss=2.3332 sigma_Wh=0.6988 sigma_Wc=0.7493 holds=True lambda=0.503 gamma=8.1712e-02 (1551.3s)
  [gamma.grad] step=1931 val=0.8791400790214539 dtype=torch.float32
  [gamma.grad] step=1932 val=0.9960016012191772 dtype=torch.float32
  [gamma.grad] step=1933 val=-0.9865404367446899 dtype=torch.float32
  [gamma.grad] step=1934 val=0.338340699672699 dtype=torch.float32
  [gamma.grad] step=1935 val=0.13228583335876465 dtype=torch.float32
  [gamma.grad] step=1936 val=-0.9987358450889587 dtype=torch.float32
  [gamma.grad] step=1937 val=0.6774095296859741 dtype=torch.float32
  [gamma.grad] step=1938 val=0.8962475061416626 dtype=torch.float32
  [gamma.grad] step=1939 val=-0.9971380233764648 dtype=torch.float32
  [gamma.grad] step=1940 val=-0.6885033845901489 dtype=torch.float32
[step 1940] loss=1.9254 sigma_Wh=0.6989 sigma_Wc=0.7493 holds=True lambda=0.503 gamma=8.1598e-02 (1559.2s)
  [gamma.grad] step=1941 val=-0.2298566699028015 dtype=torch.float32
  [gamma.grad] step=1942 val=0.9985125064849854 dtype=torch.float32
  [gamma.grad] step=1943 val=-0.6966368556022644 dtype=torch.float32
  [gamma.grad] step=1944 val=0.9940971732139587 dtype=torch.float32
  [gamma.grad] step=1945 val=-0.43390023708343506 dtype=torch.float32
  [gamma.grad] step=1946 val=-0.9976372718811035 dtype=torch.float32
  [gamma.grad] step=1947 val=0.773960292339325 dtype=torch.float32
  [gamma.grad] step=1948 val=-0.9973033666610718 dtype=torch.float32
  [gamma.grad] step=1949 val=-0.9941040873527527 dtype=torch.float32
  [gamma.grad] step=1950 val=-0.03895878791809082 dtype=torch.float32
[step 1950] loss=0.8777 sigma_Wh=0.6989 sigma_Wc=0.7493 holds=True lambda=0.503 gamma=8.1645e-02 (1567.0s)
  [gamma.grad] step=1951 val=-0.9957553148269653 dtype=torch.float32
  [gamma.grad] step=1952 val=-0.9991829991340637 dtype=torch.float32
  [gamma.grad] step=1953 val=-0.9911081194877625 dtype=torch.float32
  [gamma.grad] step=1954 val=-0.9992068409919739 dtype=torch.float32
  [gamma.grad] step=1955 val=-0.008878633379936218 dtype=torch.float32
  [gamma.grad] step=1956 val=0.11213237047195435 dtype=torch.float32
  [gamma.grad] step=1957 val=0.27959030866622925 dtype=torch.float32
  [gamma.grad] step=1958 val=0.9935656785964966 dtype=torch.float32
  [gamma.grad] step=1959 val=0.41394925117492676 dtype=torch.float32
  [gamma.grad] step=1960 val=-0.995675265789032 dtype=torch.float32
[step 1960] loss=1.0433 sigma_Wh=0.6989 sigma_Wc=0.7493 holds=True lambda=0.503 gamma=8.1995e-02 (1575.1s)
  [gamma.grad] step=1961 val=-0.43297243118286133 dtype=torch.float32
  [gamma.grad] step=1962 val=-0.9930345416069031 dtype=torch.float32
  [gamma.grad] step=1963 val=-0.99446702003479 dtype=torch.float32
  [gamma.grad] step=1964 val=0.07950186729431152 dtype=torch.float32
  [gamma.grad] step=1965 val=-0.997667670249939 dtype=torch.float32
  [gamma.grad] step=1966 val=-0.9948819279670715 dtype=torch.float32
  [gamma.grad] step=1967 val=0.8766139149665833 dtype=torch.float32
  [gamma.grad] step=1968 val=0.9488108158111572 dtype=torch.float32
  [gamma.grad] step=1969 val=0.1360110640525818 dtype=torch.float32
  [gamma.grad] step=1970 val=-0.975928783416748 dtype=torch.float32
[step 1970] loss=1.9808 sigma_Wh=0.6989 sigma_Wc=0.7493 holds=True lambda=0.503 gamma=8.2347e-02 (1583.2s)
  [gamma.grad] step=1971 val=-0.9992840886116028 dtype=torch.float32
  [gamma.grad] step=1972 val=0.9963549375534058 dtype=torch.float32
  [gamma.grad] step=1973 val=-0.9982375502586365 dtype=torch.float32
  [gamma.grad] step=1974 val=0.06743112206459045 dtype=torch.float32
  [gamma.grad] step=1975 val=-0.9986483454704285 dtype=torch.float32
  [gamma.grad] step=1976 val=-0.9972957968711853 dtype=torch.float32
  [gamma.grad] step=1977 val=-0.7122044563293457 dtype=torch.float32
  [gamma.grad] step=1978 val=-0.8138254880905151 dtype=torch.float32
  [gamma.grad] step=1979 val=-0.2650184631347656 dtype=torch.float32
  [gamma.grad] step=1980 val=0.18756352365016937 dtype=torch.float32
[step 1980] loss=2.1447 sigma_Wh=0.6988 sigma_Wc=0.7493 holds=True lambda=0.503 gamma=8.2748e-02 (1591.2s)
  [gamma.grad] step=1981 val=0.6272546052932739 dtype=torch.float32
  [gamma.grad] step=1982 val=-0.9785490036010742 dtype=torch.float32
  [gamma.grad] step=1983 val=-0.9932387471199036 dtype=torch.float32
  [gamma.grad] step=1984 val=0.713678240776062 dtype=torch.float32
  [gamma.grad] step=1985 val=-0.9961389303207397 dtype=torch.float32
  [gamma.grad] step=1986 val=0.9965285658836365 dtype=torch.float32
  [gamma.grad] step=1987 val=0.9979864954948425 dtype=torch.float32
  [gamma.grad] step=1988 val=0.9861529469490051 dtype=torch.float32
  [gamma.grad] step=1989 val=-0.963005006313324 dtype=torch.float32
  [gamma.grad] step=1990 val=0.9536072611808777 dtype=torch.float32
[step 1990] loss=2.6818 sigma_Wh=0.6988 sigma_Wc=0.7493 holds=True lambda=0.503 gamma=8.2998e-02 (1599.3s)
  [gamma.grad] step=1991 val=0.9957894682884216 dtype=torch.float32
  [gamma.grad] step=1992 val=-0.9966658353805542 dtype=torch.float32
  [gamma.grad] step=1993 val=-0.9861211776733398 dtype=torch.float32
  [gamma.grad] step=1994 val=0.7116206884384155 dtype=torch.float32
  [gamma.grad] step=1995 val=-0.0720859169960022 dtype=torch.float32
  [gamma.grad] step=1996 val=-0.9989122748374939 dtype=torch.float32
  [gamma.grad] step=1997 val=-0.9982669353485107 dtype=torch.float32
  [gamma.grad] step=1998 val=0.15977191925048828 dtype=torch.float32
  [gamma.grad] step=1999 val=-0.7872482538223267 dtype=torch.float32
  [gamma.grad] step=2000 val=-0.9929118156433105 dtype=torch.float32
[step 2000] loss=1.4729 sigma_Wh=0.6988 sigma_Wc=0.7492 holds=True lambda=0.503 gamma=8.3127e-02 (1606.8s)
[ckpt] runs/stage1_hybrid/ckpt_2000.pt
[done] final step 2000
